<?xml version="1.0" encoding="utf-8" ?>
<NotepadPlus>
    <Native-Langue name="Français" filename="french.xml" version="7.6.5">
        <Menu>
            <Main>
                <!-- Main Menu Entries -->
                <Entries>
                    <Item menuId="file" name="&amp;Fichier"/>
                    <Item menuId="edit" name="&amp;Édition"/>
                    <Item menuId="search" name="&amp;Recherche"/>
                    <Item menuId="view" name="&amp;Affichage"/>
                    <Item menuId="encoding" name="E&amp;ncodage"/>
                    <Item menuId="language" name="&amp;Langage"/>
                    <Item menuId="settings" name="&amp;Paramètres"/>
                    <Item menuId="tools" name="&amp;Outils"/>
                    <Item menuId="macro" name="&amp;Macro"/>
                    <Item menuId="run" name="E&amp;xécution"/>
                    <Item idName="Plugins" name="Modules d'ex&amp;tension"/>
                    <Item idName="Window" name="&amp;Documents"/>
                </Entries>
                <!-- Sub Menu Entries -->
                <SubEntries>
                    <Item subMenuId="file-openFolder" name="Ouvrir le répertoire du fichier en cours"/>
                    <Item subMenuId="file-closeMore" name="Fermer +"/>
                    <Item subMenuId="file-recentFiles" name="Fichiers récents"/>
                    <Item subMenuId="edit-copyToClipboard"  name="Copier dans le presse-papiers"/>
                    <Item subMenuId="edit-indent" name="Indentation"/>
                    <Item subMenuId="edit-convertCaseTo" name="MAJUSCULE/minuscule"/>
                    <Item subMenuId="edit-lineOperations" name="Ligne"/>
                    <Item subMenuId="edit-comment" name="Commentaire"/>
                    <Item subMenuId="edit-autoCompletion" name="Autocomplétion"/>
                    <Item subMenuId="edit-eolConversion" name="Convertir les sauts de ligne"/>
                    <Item subMenuId="edit-blankOperations" name="Traitement des espacements"/>
                    <Item subMenuId="edit-pasteSpecial" name="Collage spécial"/>
                    <Item subMenuId="edit-onSelection" name="Pour la sélection"/>
                    <Item subMenuId="search-markAll" name="Marquer tout"/>
                    <Item subMenuId="search-unmarkAll" name="Enlever toutes les marques"/>
                    <Item subMenuId="search-jumpUp" name="Aller vers le haut"/>
                    <Item subMenuId="search-jumpDown" name="Aller vers le bas"/>
                    <Item subMenuId="search-bookmark" name="Signet"/>
                    <Item subMenuId="view-currentFileIn" name="Afficher le fichier dans"/>
                    <Item subMenuId="view-showSymbol" name="Symboles spéciaux"/>
                    <Item subMenuId="view-zoom"  name="Zoom"/>
                    <Item subMenuId="view-moveCloneDocument"  name="Déplacer/Cloner le document actuel"/>
                    <Item subMenuId="view-tab"  name="Onglet"/>
                    <Item subMenuId="view-collapseLevel" name="Replier le niveau"/>
                    <Item subMenuId="view-uncollapseLevel" name="Déplier le niveau"/>
                    <Item subMenuId="view-project" name="Projet"/>
                    <Item subMenuId="encoding-characterSets" name="Codage de caractères"/>
                    <Item subMenuId="encoding-arabic" name="Arabe"/>
                    <Item subMenuId="encoding-baltic" name="Langues baltes"/>
                    <Item subMenuId="encoding-celtic" name="Langues celtiques"/>
                    <Item subMenuId="encoding-cyrillic" name="Cyrillique"/>
                    <Item subMenuId="encoding-centralEuropean" name="Langues d’Europe centrale"/>
                    <Item subMenuId="encoding-chinese" name="Chinois"/>
                    <Item subMenuId="encoding-easternEuropean" name="Langues d’Europe orientale"/>
                    <Item subMenuId="encoding-greek" name="Grec"/>
                    <Item subMenuId="encoding-hebrew" name="Hébreu"/>
                    <Item subMenuId="encoding-japanese" name="Japonais"/>
                    <Item subMenuId="encoding-korean" name="Coréen"/>
                    <Item subMenuId="encoding-northEuropean" name="Langues d’Europe du Nord"/>
                    <Item subMenuId="encoding-thai" name="Thaï"/>
                    <Item subMenuId="encoding-turkish" name="Turc"/>
                    <Item subMenuId="encoding-westernEuropean" name="Langues d’Europe occidentale"/>
                    <Item subMenuId="encoding-vietnamese" name="Vietnamien"/>
                    <Item subMenuId="settings-import"  name="Importer"/>
                    <Item subMenuId="tools-md5"  name="MD5"/>
                    <Item subMenuId="tools-sha256"  name="SHA-256"/>
                </SubEntries>

                <!-- all menu item -->
                <Commands>
                    <Item id="10001" name="Déplacer vers l'autre vue"/>
                    <Item id="10002" name="Cloner dans l'autre vue"/>
                    <Item id="10003" name="Déplacer vers une nouvelle fenêtre"/>
                    <Item id="10004" name="Ouvrir dans une nouvelle fenêtre"/>
                    <Item id="1001"  name="Imprimer immédiatement"/>
                    <Item id="41001" name="&amp;Nouveau"/>
                    <Item id="41002" name="&amp;Ouvrir..."/>
                    <Item id="41019" name="Explorer"/>
                    <Item id="41020" name="cmd"/>
                    <Item id="41003" name="Fermer"/>
                    <Item id="41004" name="Fermer tout"/>
                    <Item id="41005" name="Fermer tout sauf le document actuel"/>
                    <Item id="41009" name="Fermer tout à gauche"/>
                    <Item id="41018" name="Fermer tout à droite"/>
                    <Item id="41024" name="Fermer tous les documents non-modifiés"/>
                    <Item id="41006" name="&amp;Enregistrer"/>
                    <Item id="41007" name="En&amp;registrer tout"/>
                    <Item id="41008" name="Enregistrer &amp;sous..."/>
                    <Item id="41010" name="Imprimer..."/>
                    <Item id="41011" name="&amp;Quitter"/>
                    <Item id="41012" name="Charger une session..."/>
                    <Item id="41013" name="Enregistrer la session..."/>
                    <Item id="41014" name="Recharger depuis le disque"/>
                    <Item id="41015" name="Enregistrer une copie..."/>
                    <Item id="41016" name="Supprimer"/>
                    <Item id="41017" name="Renommer..."/>
                    <Item id="41021" name="Ouvrir le dernier fichier fermé"/>
                    <Item id="41022" name="Ouvrir le Dossier en tant qu'Espace de travail"/>
                    <Item id="41023" name="Ouvrir dans l'application par défaut"/>
                    <Item id="42001" name="Cou&amp;per"/>
                    <Item id="42002" name="&amp;Copier"/>
                    <Item id="42003" name="&amp;Annuler"/>
                    <Item id="42004" name="&amp;Rétablir"/>
                    <Item id="42005" name="&amp;Coller"/>
                    <Item id="42006" name="&amp;Supprimer"/>
                    <Item id="42007" name="Sélectionner t&amp;out"/>
                    <Item id="42020" name="Début/Fin Sélection"/>
                    <Item id="42008" name="Augmenter l’indentation"/>
                    <Item id="42009" name="Réduire l’indentation"/>
                    <Item id="42010" name="Dupliquer la ligne actuelle"/>
                    <Item id="42077" name="Supprimer la ligne en double consécutives"/>
                    <Item id="42012" name="Séparer en plusieurs lignes"/>
                    <Item id="42013" name="Joindre plusieurs lignes"/>
                    <Item id="42014" name="Déplacer la ligne actuelle vers le haut"/>
                    <Item id="42015" name="Déplacer la ligne actuelle vers le bas"/>
                    <Item id="42016" name="EN MAJUSCULE"/>
                    <Item id="42017" name="en minuscule"/>
                    <Item id="42067" name="Majuscules Dans Les Titres"/>
                    <Item id="42068" name="Majuscules Dans Les Titres (moins strict)"/>
                    <Item id="42069" name="Majuscule en début de phrase"/>
                    <Item id="42070" name="Majuscule en début de phrase (moins strict)"/>
                    <Item id="42071" name="à L'ENVERS"/>
                    <Item id="42072" name="aLÉATOirE"/>
                    <Item id="42073" name="Ouverture du fichier"/>
                    <Item id="42074" name="Ouvrir le répertoire dans l'explorateur"/>
                    <Item id="42075" name="Rechercher sur Internet"/>
                    <Item id="42076" name="Changer le moteur de recherche..."/>
                    <Item id="42018" name="Démarrer l’enregistrement"/>
                    <Item id="42019" name="Arrêter l’enregistrement"/>
                    <Item id="42021" name="Rejouer la macro"/>
                    <Item id="42022" name="Commenter/Décommenter (mode ligne)"/>
                    <Item id="42023" name="Commenter le bloc sélectionné"/>
                    <Item id="42047" name="Décommenter le bloc sélectionné"/>
                    <Item id="42024" name="Enlever les blancs en fin de ligne"/>
                    <Item id="42025" name="Enregistrer la macro"/>
                    <Item id="42026" name="Texte de droite à gauche"/>
                    <Item id="42027" name="Texte de gauche à droite"/>
                    <Item id="42028" name="Lecture seule pour le document actuel"/>
                    <Item id="42029" name="Copier le chemin complet du document actuel"/>
                    <Item id="42030" name="Copier le nom du document actuel"/>
                    <Item id="42031" name="Copier le dossier du document actuel"/>
                    <Item id="42032" name="Exécuter une macro en boucle..."/>
                    <Item id="42033" name="Enlever l'attribut de lecture seule du fichier"/>
                    <Item id="42034" name="Édition en mode colonnes..."/>
                    <Item id="42035" name="Commenter (mode ligne)"/>
                    <Item id="42036" name="Décommenter (mode ligne)"/>
                    <Item id="42055" name="Enlever les lignes vides"/>
                    <Item id="42056" name="Enlever les lignes vides (contenant les blancs aussi)"/>
                    <Item id="42057" name="Insérer une ligne vide avant la ligne courante"/>
                    <Item id="42058" name="Insérer une ligne vide après la ligne courante"/>
                    <Item id="42059" name="Trier les lignes dans l'ordre lexicographique croissant"/>
                    <Item id="42061" name="Trier les lignes dans l'ordre d'entier croissant"/>
                    <Item id="42063" name="Trier les lignes dans l'ordre décimal (virgule) croissant"/>
                    <Item id="42065" name="Trier les lignes dans l'ordre décimal (point) croissant"/>
                    <Item id="42060" name="Trier les lignes dans l'ordre lexicographique décroissant"/>
                    <Item id="42062" name="Trier les lignes dans l'ordre d'entier décroissant"/>
                    <Item id="42064" name="Trier les lignes dans l'ordre décimal (virgule) décroissant"/>
                    <Item id="42066" name="Trier les lignes dans l'ordre décimal (point) décroissant"/>
                    <Item id="42037" name="Sélection en mode colonne..."/>
                    <Item id="42040" name="Ouvrir tous les fichiers récents"/>
                    <Item id="42041" name="Vider la liste des fichiers récents"/>
                    <Item id="42042" name="Enlever les blancs en début de ligne"/>
                    <Item id="42043" name="Enlever les blancs en début et fin de ligne"/>
                    <Item id="42044" name="Transformer les fins de ligne en espaces"/>
                    <Item id="42045" name="Supprimer les espacements et fins de ligne inutiles"/>
                    <Item id="42046" name="Transformer les tabulations en espaces"/>
                    <Item id="42054" name="Transformer tous les espaces en tabulations"/>
                    <Item id="42053" name="Transformer les espaces de début de ligne en tabulations"/>
                    <Item id="42038" name="Coller du contenu HTML"/>
                    <Item id="42039" name="Coller du contenu RTF"/>
                    <Item id="42048" name="Copier du contenu Binaire"/>
                    <Item id="42049" name="Couper du contenu Binaire"/>
                    <Item id="42050" name="Coller du contenu Binaire"/>
                    <Item id="42051" name="Panneau des caractères ASCII"/>
                    <Item id="42052" name="Panneau historique du presse-papiers"/>
                    <Item id="43001" name="&amp;Rechercher..."/>
                    <Item id="43002" name="Recherche &amp;suivante"/>
                    <Item id="43003" name="Remplacer..."/>
                    <Item id="43004" name="Atteindre..."/>
                    <Item id="43005" name="Mettre/Enlever un signet"/>
                    <Item id="43006" name="Signet suivant"/>
                    <Item id="43007" name="Signet précédent"/>
                    <Item id="43008" name="Enlever tous les signets"/>
                    <Item id="43009" name="Aller au délimiteur symétrique"/>
                    <Item id="43010" name="Recherche précédente"/>
                    <Item id="43011" name="Recherche &amp;incrémentielle..."/>
                    <Item id="43013" name="Rechercher dans les sous-dossiers"/>
                    <Item id="43014" name="Recherche volatile suivante"/>
                    <Item id="43015" name="Recherche volatile précédente"/>
                    <Item id="43018" name="Couper les lignes marquées"/>
                    <Item id="43019" name="Copier les lignes marquées"/>
                    <Item id="43020" name="Coller pour remplacer les lignes marquées"/>
                    <Item id="43021" name="Supprimer les lignes marquées"/>
                    <Item id="43022" name="Appliquer le style 1"/>
                    <Item id="43023" name="Dégager le style 1"/>
                    <Item id="43024" name="Appliquer le style 2"/>
                    <Item id="43025" name="Dégager le style 2"/>
                    <Item id="43026" name="Appliquer le style 3"/>
                    <Item id="43027" name="Dégager le style 3"/>
                    <Item id="43028" name="Appliquer le style 4"/>
                    <Item id="43029" name="Dégager le style 4"/>
                    <Item id="43030" name="Appliquer le style 5"/>
                    <Item id="43031" name="Dégager le style 5"/>
                    <Item id="43032" name="Dégager tous les styles"/>
                    <Item id="43033" name="Style 1"/>
                    <Item id="43034" name="Style 2"/>
                    <Item id="43035" name="Style 3"/>
                    <Item id="43036" name="Style 4"/>
                    <Item id="43037" name="Style 5"/>
                    <Item id="43038" name="Style de recherche"/>
                    <Item id="43039" name="Style 1"/>
                    <Item id="43040" name="Style 2"/>
                    <Item id="43041" name="Style 3"/>
                    <Item id="43042" name="Style 4"/>
                    <Item id="43043" name="Style 5"/>
                    <Item id="43044" name="Style de recherche"/>
                    <Item id="43045" name="Fenêtre des résultats de recherche"/>
                    <Item id="43046" name="Résultat de recherche suivant"/>
                    <Item id="43047" name="Résultat de recherche précédent"/>
                    <Item id="43048" name="Sélection et recherche suivante"/>
                    <Item id="43049" name="Sélection et recherche précédente"/>
                    <Item id="43050" name="Inverser les signets"/>
                    <Item id="43051" name="Supprimer les lignes non marquées"/>
                    <Item id="43052" name="Rechercher des caractères dans une plage..."/>
                    <Item id="43053" name="Sélectionner tout entre les 2 accolades"/>
                    <Item id="43054" name="Marquer..."/>
                    <Item id="44009" name="Post-it"/>
                    <Item id="44010" name="Replier tous les blocs"/>
                    <Item id="44019" name="Afficher tous les caractères"/>
                    <Item id="44020" name="Afficher le guide d'indentation"/>
                    <Item id="44022" name="Retour automatique à la ligne"/>
                    <Item id="44023" name="Zoom &amp;avant  Ctrl+Molette vers le haut"/>
                    <Item id="44024" name="Zoom &amp;arrière    Ctrl+Molette vers le bas"/>
                    <Item id="44025" name="Afficher les blancs et les tabulations"/>
                    <Item id="44026" name="Afficher les symboles de fin de ligne"/>
                    <Item id="44029" name="Déplier tous les blocs"/>
                    <Item id="44030" name="Replier le bloc de la ligne actuelle"/>
                    <Item id="44031" name="Déplier le bloc de la ligne actuelle"/>
                    <Item id="44049" name="Résumé..."/>
                    <Item id="44032" name="Activer/Désactiver le mode plein écran"/>
                    <Item id="44033" name="Restaurer zoom   Ctrl+/(keypad)"/>
                    <Item id="44034" name="Toujours devant"/>
                    <Item id="44035" name="Défilement vertical synchrone"/>
                    <Item id="44036" name="Défilement horizontal synchrone"/>
                    <Item id="44041" name="Afficher les marques de coupures de ligne"/>
                    <Item id="44042" name="Cacher les lignes"/>
                    <Item id="44072" name="Basculer vers l'autre vue"/>
                    <Item id="44081" name="Panneau de Projet #1"/>
                    <Item id="44082" name="Panneau de Projet #2"/>
                    <Item id="44083" name="Panneau de Projet #3"/>
                    <Item id="44080" name="Plan du document"/>
                    <Item id="44084" name="Liste des fonctions"/>
                    <Item id="44085" name="Dossier en tant qu'espace de travail"/>
                    <Item id="44086" name="Onglet 1"/>
                    <Item id="44087" name="Onglet 2"/>
                    <Item id="44088" name="Onglet 3"/>
                    <Item id="44089" name="Onglet 4"/>
                    <Item id="44090" name="Onglet 5"/>
                    <Item id="44091" name="Onglet 6"/>
                    <Item id="44092" name="Onglet 7"/>
                    <Item id="44093" name="Onglet 8"/>
                    <Item id="44094" name="Onglet 9"/>
                    <Item id="44095" name="Onglet suivant"/>
                    <Item id="44096" name="Onglet précédent"/>
                    <Item id="44097" name="Surveillance de Log(tail -f)"/>
                    <Item id="44098" name="Déplacer vers l'avant"/>
                    <Item id="44099" name="Déplacer vers l'arrière"/>
                    <Item id="45001" name="Convertir en format Windows (CR+LF)"/>
                    <Item id="45002" name="Convertir en format UNIX (LF)"/>
                    <Item id="45003" name="Convertir en format Mac (CR)"/>
                    <Item id="45004" name="Encoder en ANSI"/>
                    <Item id="45005" name="Encoder en UTF-8 (avec BOM)"/>
                    <Item id="45006" name="Encoder en UTF-16BE"/>
                    <Item id="45007" name="Encoder en UTF-16LE"/>
                    <Item id="45008" name="Encoder en UTF-8"/>
                    <Item id="45009" name="Convertir en ANSI"/>
                    <Item id="45010" name="Convertir en UTF-8"/>
                    <Item id="45011" name="Convertir en UTF-8-BOM"/>
                    <Item id="45012" name="Convertir en UTF-16BE"/>
                    <Item id="45013" name="Convertir en UTF-16LE"/>
                    <Item id="46001" name="Configurateur de coloration syntaxique..."/>
                    <Item id="46250" name="Définir votre langage..."/>
                    <Item id="46180" name="Langage utilisateur"/>
                    <Item id="47000" name="À propos de Notepad++..."/>
                    <Item id="47001" name="Site officiel Notepad++"/>
                    <Item id="47002" name="Projet de développement de Notepad++"/>
                    <Item id="47003" name="Aide en ligne"/>
                    <Item id="47004" name="Forum"/>
                    <Item id="47005" name="Obtenir d'autres compléments"/>
                    <Item id="47006" name="Mettre à jour Notepad++"/>
                    <Item id="47008" name="Aide"/>
                    <Item id="47009" name="Paramétrer le proxy de mise à jour..."/>
                    <Item id="47010" name="Arguments de la ligne de commande..."/>
                    <Item id="47011" name="Support en direct"/>
                    <Item id="47012" name="Debug Info..."/>
                    <Item id="48005" name="Importer un complément..."/>
                    <Item id="48006" name="Importer un thème..."/>
                    <Item id="48009" name="Raccourcis clavier..."/>
                    <Item id="48011" name="Préférences..."/>
                    <Item id="48015" name="Gestionnaire des modules d'extension..."/>
                    <Item id="48501" name="Générer..."/>
                    <Item id="48502" name="Générer depuis les fichiers..."/>
                    <Item id="48503" name="Générer dans le presse-papiers depuis la selection"/>
                    <Item id="48504" name="Générer..."/>
                    <Item id="48505" name="Générer depuis les fichiers..."/>
                    <Item id="48506" name="Générer dans le presse-papiers depuis la selection"/>
                    <Item id="48016" name="Modifier/Supprimer une macro..."/>
                    <Item id="48017" name="Modifier/Supprimer une commande..."/>
                    <Item id="48018" name="Éditer le menu contextuel"/>
                    <Item id="49000" name="&amp;Exécuter..."/>
                    <Item id="50000" name="Complétion de fonction"/>
                    <Item id="50001" name="Complétion de mot"/>
                    <Item id="50002" name="Infobulle des paramètres de fonctions"/>
                    <Item id="50006" name="Complétion de chemin d'accès du fichier"/>
                </Commands>
            </Main>
            <Splitter>
            </Splitter>
            <TabBar>
                    <Item CMID="0" name="Fermer"/>
                    <Item CMID="1" name="Fermer tout sauf ce fichier"/>
                    <Item CMID="2" name="Enregistrer"/>
                    <Item CMID="3" name="Enregistrer sous..."/>
                    <Item CMID="4" name="Imprimer"/>
                    <Item CMID="5" name="Déplacer vers l'autre vue"/>
                    <Item CMID="6" name="Cloner dans l'autre vue"/>
                    <Item CMID="7" name="Copier le chemin complet du document actuel"/>
                    <Item CMID="8" name="Copier le nom du fichier actuel"/>
                    <Item CMID="9" name="Copier le dossier du fichier actuel"/>
                    <Item CMID="10" name="Renommer le fichier actuel"/>
                    <Item CMID="11" name="Supprimer le fichier actuel"/>
                    <Item CMID="12" name="Lecture seule pour le document actuel"/>
                    <Item CMID="13" name="Enlever l’attribut de lecture seule du fichier"/>
                    <Item CMID="14" name="Déplacer vers une nouvelle fenêtre"/>
                    <Item CMID="15" name="Ouvrir dans une nouvelle fenêtre"/>
                    <Item CMID="16" name="Recharger"/>
                    <Item CMID="17" name="Fermer les onglets sur la gauche"/>
                    <Item CMID="18" name="Fermer les onglets sur la droite"/>
                    <Item CMID="19" name="Ouvrir le répertoire du fichier en cours dans l'explorateur"/>
                    <Item CMID="20" name="Ouvrir le répertoire du fichier en cours dans l'invite de commande"/>
                    <Item CMID="21" name="Ouvrir dans l'application par défaut"/>
                    <Item CMID="22" name="Fermer tous les documents non-modifiés"/>
            </TabBar>
        </Menu>
        <Dialog>
            <Find title="" titleFind="Rechercher" titleReplace="Remplacer" titleFindInFiles="Rechercher dans les fichiers d'un dossier" titleMark="Marquer">
                <Item id="1" name="Suivant"/>
                <Item id="1722" name="Rechercher vers l'arrière"/>
                <Item id="1603" name="Mot entier &amp;uniquement"/>
                <Item id="1604" name="Respecter la &amp;casse"/>
                <Item id="1605" name="&amp;Expression régulière"/>
                <Item id="1606" name="&amp;Boucler"/>
                <Item id="1608" name="&amp;Remplacer"/>
                <Item id="1609" name="Remplacer &amp;tout"/>
                <Item id="1611" name="Rem&amp;placer par :"/>
                <Item id="1614" name="Compter"/>
                <Item id="1615" name="Rechercher tout"/>
                <Item id="1616" name="Marquer les lignes"/>
                <Item id="1618" name="Purger à chaque fois"/>
                <Item id="1620" name="Recherche :"/>
                <Item id="1624" name="Mode de recherche"/>
                <Item id="1625" name="Mode normal"/>
                <Item id="1626" name="Mode étendu (\n, \r, \t, \0, \x...)"/>
                <Item id="1632" name="Dans sélection"/>
                <Item id="1633" name="Purger"/>
                <Item id="1635" name="Remplacer dans tous les documents ouverts"/>
                <Item id="1636" name="Rechercher dans tous les documents ouverts"/>
                <Item id="1641" name="Rechercher dans le document actuel"/>
                <Item id="1654" name="Filtres :"/>
                <Item id="1655" name="Dossier :"/>
                <Item id="1656" name="Trouver tout"/>
                <Item id="1658" name="Sous-dossiers"/>
                <Item id="1659" name="Dossiers cachés"/>
                <Item id="1660" name="Remplacer tout"/>
                <Item id="1661" name="Suivre le doc. actuel"/>
                <Item id="1686" name="Transparence"/>
                <Item id="1687" name="à la perte du focus"/>
                <Item id="1688" name="persistante"/>
                <Item id="1703" name="&amp;. comprend ligne nouvelle"/>
                <Item id="2" name="Annuler"/>
            </Find>

            <FindCharsInRange title="Rechercher des caractères dans une plage">
                <Item id="2" name="Fermer"/>
                <Item id="2901" name="Caractères non-ASCII (128-255)"/>
                <Item id="2902" name="Caractères ASCII (0-127)"/>
                <Item id="2903" name="Ma plage :"/>
                <Item id="2906" name="Haut"/>
                <Item id="2907" name="Bas"/>
                <Item id="2908" name="Direction"/>
                <Item id="2909" name="Boucler"/>
                <Item id="2910" name="Chercher"/>
            </FindCharsInRange>
            <GoToLine title="Aller à...">
                <Item id="1" name="&amp;Zyva !"/>
                <Item id="2" name="Je vais nulle part"/>
                <Item id="2004" name="Vous êtes ici :"/>
                <Item id="2005" name="Vous allez à :"/>
                <Item id="2006" name="Pas plus loin que :"/>
                <Item id="2007" name="Ligne"/>
                <Item id="2008" name="Position"/>
            </GoToLine>

            <Run title="Exécuter...">
                <Item id="1" name="Exécuter"/>
                <Item id="1903" name="Programme à exécuter"/>
                <Item id="1904" name="Enregistrer..."/>
                <Item id="2" name="Annuler"/>
            </Run>
            
            <MD5FromFilesDlg title="Calculer les empreintes de MD5 depuis les fichiers">
                <Item id="1922" name="Choisir les fichiers pour générer les empreintes..."/>
                <Item id="1924" name="Copier dans le presse-papiers"/>
                <Item id="2"    name="Fermer"/>
            </MD5FromFilesDlg>

            <MD5FromTextDlg title="Calculer l'empreinte de MD5">
                <Item id="1932" name="Traiter chaque ligne comme une chaine de caractères"/>
                <Item id="1934" name="Copier dans le presse-papiers"/>
                <Item id="2"    name="Fermer"/>
            </MD5FromTextDlg>

            <SHA256FromFilesDlg title="Calculer les empreintes de SHA-256 depuis les fichiers">
                <Item id="1922" name="Choisir les fichiers pour générer les empreintes..."/>
                <Item id="1924" name="Copier dans le presse-papiers"/>
                <Item id="2"    name="Fermer"/>
            </SHA256FromFilesDlg>

            <SHA256FromTextDlg title="Calculer l'empreinte de SHA-256">
                <Item id="1932" name="Traiter chaque ligne comme une chaine de caractères"/>
                <Item id="1934" name="Copier dans le presse-papiers"/>
                <Item id="2"    name="Fermer"/>
            </SHA256FromTextDlg>

            <PluginsAdminDlg title="Gestionnaire des modules d'extension" titleAvailable = "Disponibles" titleUpdates = "Mises à jour" titleInstalled = "Installés">
                <ColumnPlugin   name="Modules d'extension"/>
                <ColumnVersion  name="Version"/>
                <Item id="5501" name="Rechercher:"/>
                <Item id="5503" name="Installer"/>
                <Item id="5504" name="Mettre à jour"/>
                <Item id="5505" name="Supprimer"/>
                <Item id="5508" name="Suivant"/>
                <Item id="2"    name="Fermer"/>
            </PluginsAdminDlg>

            <StyleConfig title="Configurateur de coloration syntaxique">
                <Item id="2" name="Annuler"/>
                <Item id="2301" name="Enregistrer&amp;&amp;Fermer"/>
                <Item id="2303" name="Transparence"/>
                <Item id="2306" name="Thème : "/>
                <SubDialog>
                    <Item id="2204" name="Gras"/>
                    <Item id="2205" name="Italique"/>
                    <Item id="2206" name="Premier plan"/>
                    <Item id="2207" name="Arrière-plan"/>
                    <Item id="2208" name="Famille :"/>
                    <Item id="2209" name="Taille :"/>
                    <Item id="2211" name="Description :"/>
                    <Item id="2212" name="Couleurs"/>
                    <Item id="2213" name="Police"/>
                    <Item id="2214" name="Ext. par défaut :"/>
                    <Item id="2216" name="Ext. utilisateur :"/>
                    <Item id="2218" name="Souligné"/>
                    <Item id="2219" name="Mots-clés prédéfinis"/>
                    <Item id="2221" name="Mots-clés utilisateur"/>
                    <Item id="2225" name="Langage :"/>
                    <Item id="2226" name="Appliquer le premier plan global"/>
                    <Item id="2227" name="Appliquer l’arrière-plan global"/>
                    <Item id="2228" name="Appliquer la police globale"/>
                    <Item id="2229" name="Appliquer la taille globale"/>
                    <Item id="2230" name="Appliquer le style gras global"/>
                    <Item id="2231" name="Appliquer le style italique global"/>
                    <Item id="2232" name="Appliquer le style souligné global"/>
                </SubDialog>
            </StyleConfig>
            <ShortcutMapper title="Gestionnaire de raccourcis clavier">
                <Item id="2602" name="Modifier"/>
                <Item id="2603" name="Supprimer"/>
                <Item id="2606" name="Effacer"/>
                <Item id="2607" name="Filtre : "/>
                <Item id="1" name="Fermer"/>
                <ColumnName name="Nom"/>
                <ColumnShortcut name="Raccourcis clavier"/>
                <ColumnCategory name="Catégorie"/>
                <ColumnPlugin name="Plugin"/>
                <MainMenuTab name="Menu principal"/>
                <MacrosTab name="Macros"/>
                <RunCommandsTab name="Exécution"/>
                <PluginCommandsTab name="Commandes de Plugin"/>
                <ScintillaCommandsTab name="Commandes de Scintilla "/>
                <ConflictInfoOk name="Pas de conflit pour cet élément."/>
                <ConflictInfoEditing name="Pas de conflit . . ."/>
            </ShortcutMapper>
            <ShortcutMapperSubDialg title="Raccourcis clavier">
                <Item id="1" name="OK"/>
                <Item id="2" name="Annuler"/>
                <Item id="5006" name="Nom"/>
                <Item id="5008" name="Ajouter"/>
                <Item id="5009" name="Supprimer"/>
                <Item id="5010" name="Appliquer"/>
                <Item id="5007" name="Cela supprimera le raccourci depuis cette commande"/>
                <Item id="5012" name="CONFLIT TROUVÉ !"/>
            </ShortcutMapperSubDialg>
    <UserDefine title="Langage utilisateur">
        <Item id="20001" name="Ancrer"/>
        <Item id="20005" name="Enregistrer sous"/>
        <Item id="20009" name="Ext. :"/>
        <Item id="20002" name="Renommer"/>
        <Item id="20003" name="Nouveau..."/>
        <Item id="20004" name="Supprimer"/>
        <Item id="20007" name="Langage : "/>
        <Item id="20011" name="Transparence"/>
        <Item id="20012" name="Ignorer la casse"/>
        <Item id="20015" name="Importer..."/>
        <Item id="20016" name="Exporter..."/>
        <Folder title="Relief syntaxique &amp;&amp; défaut">
            <Item id="21101" name="Style par défaut"/>
            <Item id="21102" name="Style"/>
            <Item id="21105" name="Documentation"/>
            <Item id="21104" name="Site web temporaire :"/>
            <Item id="21106" name="Compacter le relief (pliage des lignes vides)"/>
            <Item id="21220" name="Relief syntaxique mode 1"/>
            <Item id="21224" name="Ouvrant :"/>
            <Item id="21225" name="Milieu :"/>
            <Item id="21226" name="Fermant :"/>
            <Item id="21227" name="Style"/>
            <Item id="21320" name="Relief syntaxique mode 2 (avec séparateurs)"/>
            <Item id="21324" name="Ouvrant :"/>
            <Item id="21325" name="Milieu :"/>
            <Item id="21326" name="Fermant :"/>
            <Item id="21327" name="Style"/>
            <Item id="21420" name="Relief syntaxique mode commentaire"/>
            <Item id="21424" name="Ouvrant :"/>
            <Item id="21425" name="Milieu :"/>
            <Item id="21426" name="Fermant :"/>
            <Item id="21427" name="Style"/>
        </Folder>
        <StylerDialog title="Styler">
            <Item id="25001" name="Gras"/>
            <Item id="25002" name="Italique"/>
            <Item id="25003" name="Souligné"/>
            <Item id="25006" name="Premier plan"/>
            <Item id="25007" name="Arrière-plan"/>
            <Item id="25008" name="Délimiteur 1"/>
            <Item id="25009" name="Délimiteur 2"/>
            <Item id="25010" name="Délimiteur 3"/>
            <Item id="25011" name="Délimiteur 4"/>
            <Item id="25012" name="Délimiteur 5"/>
            <Item id="25013" name="Délimiteur 6"/>
            <Item id="25014" name="Délimiteur 7"/>
            <Item id="25015" name="Délimiteur 8"/>
            <Item id="25016" name="Commentaire"/>
            <Item id="25017" name="Commentaire sur une ligne"/>
            <Item id="25018" name="Mot clé 1"/>
            <Item id="25019" name="Mot clé 2"/>
            <Item id="25020" name="Mot clé 3"/>
            <Item id="25021" name="Mot clé 4"/>
            <Item id="25022" name="Mot clé 5"/>
            <Item id="25023" name="Mot clé 6"/>
            <Item id="25024" name="Mot clé 7"/>
            <Item id="25025" name="Mot clé 8"/>
            <Item id="25026" name="Opérateur 1"/>
            <Item id="25027" name="Opérateur 2"/>
            <Item id="25028" name="Nombres"/>
            <Item id="25029" name="Héberge :"/>
            <Item id="25030" name="Police :"/>
            <Item id="25031" name="Nom :"/>
            <Item id="25032" name="Taille :"/>
            <Item id="1" name="Enregistrer"/>
            <Item id="2" name="Annuler"/>
        </StylerDialog>
        <Keywords title="Mots-clés">
            <Item id="22101" name="1er Groupe"/>
            <Item id="22201" name="2e Groupe"/>
            <Item id="22301" name="3e Groupe"/>
            <Item id="22401" name="4e Groupe"/>
            <Item id="22451" name="5e Groupe"/>
            <Item id="22501" name="6e Groupe"/>
            <Item id="22551" name="7e Groupe"/>
            <Item id="22601" name="8e Groupe"/>
            <Item id="22121" name="Mode préfixe"/>
            <Item id="22221" name="Mode préfixe"/>
            <Item id="22321" name="Mode préfixe"/>
            <Item id="22421" name="Mode préfixe"/>
            <Item id="22471" name="Mode préfixe"/>
            <Item id="22521" name="Mode préfixe"/>
            <Item id="22571" name="Mode préfixe"/>
            <Item id="22621" name="Mode préfixe"/>
            <Item id="22122" name="Style"/>
            <Item id="22222" name="Style"/>
            <Item id="22322" name="Style"/>
            <Item id="22422" name="Style"/>
            <Item id="22472" name="Style"/>
            <Item id="22522" name="Style"/>
            <Item id="22572" name="Style"/>
            <Item id="22622" name="Style"/>
        </Keywords>
        <Comment title="Commentaire &amp;&amp; Nombre">
            <Item id="23003" name="Position de commentaire sur une ligne"/>
            <Item id="23004" name="Sans limite"/>
            <Item id="23005" name="Toujours au début de la ligne"/>
            <Item id="23006" name="Avec ou sans les blancs devant"/>
            <Item id="23001" name="Activer le pliage de commentaire"/>
            <Item id="23326" name="Style"/>
            <Item id="23323" name="Ouvrant :"/>
            <Item id="23324" name="Caractère de continuation"/>
            <Item id="23325" name="Fermant :"/>
            <Item id="23124" name="Style"/>
            <Item id="23122" name="Ouvrant :"/>
            <Item id="23123" name="Fermant :"/>
            <Item id="23220" name="Style"/>
            <Item id="23230" name="Préfixe 1 :"/>
            <Item id="23232" name="Préfixe 2 :"/>
            <Item id="23234" name="Extras 1 :"/>
            <Item id="23236" name="Extras 2 :"/>
            <Item id="23238" name="Suffixe 1 :"/>
            <Item id="23240" name="Suffixe 2 :"/>
            <Item id="23242" name="Gamme :"/>
            <Item id="23244" name="Séparateur décimal"/>
            <Item id="23245" name="Point"/>
            <Item id="23246" name="Virgule"/>
            <Item id="23247" name="Les 2"/>
            <Item id="23301" name="Commentaire sur une ligne"/>
            <Item id="23101" name="Commentaire sur plusieurs lignes"/>
            <Item id="23201" name="Nombre"/>
        </Comment>
        <Operator title="Opérateurs &amp;&amp; Délimiteurs">
            <Item id="24101" name="Opérateurs"/>
            <Item id="24113" name="Style"/>
            <Item id="24116" name="Opérateurs 1"/>
            <Item id="24117" name="Opérateurs 2 (avec séparateurs)"/>
            <Item id="24201" name="Délimiteur 1"/>
            <Item id="24220" name="Ouvrant :"/>
            <Item id="24221" name="Caractère d'échappement :"/>
            <Item id="24222" name="Fermant :"/>
            <Item id="24223" name="Style"/>
            <Item id="24301" name="Délimiteur 2"/>
            <Item id="24320" name="Ouvrant :"/>
            <Item id="24321" name="Caractère d'échappement :"/>
            <Item id="24322" name="Fermant :"/>
            <Item id="24323" name="Style"/>
            <Item id="24401" name="Délimiteur 3"/>
            <Item id="24420" name="Ouvrant :"/>
            <Item id="24421" name="Caractère d'échappement :"/>
            <Item id="24422" name="Fermant :"/>
            <Item id="24423" name="Style"/>
            <Item id="24451" name="Délimiteur 4"/>
            <Item id="24470" name="Ouvrant :"/>
            <Item id="24471" name="Caractère d'échappement :"/>
            <Item id="24472" name="Fermant :"/>
            <Item id="24473" name="Style"/>
            <Item id="24501" name="Délimiteur 5"/>
            <Item id="24520" name="Ouvrant :"/>
            <Item id="24521" name="Caractère d'échappement :"/>
            <Item id="24522" name="Fermant :"/>
            <Item id="24523" name="Style"/>
            <Item id="24551" name="Délimiteur 6"/>
            <Item id="24570" name="Ouvrant :"/>
            <Item id="24571" name="Caractère d'échappement :"/>
            <Item id="24572" name="Fermant :"/>
            <Item id="24573" name="Style"/>
            <Item id="24601" name="Délimiteur 7"/>
            <Item id="24620" name="Ouvrant :"/>
            <Item id="24621" name="Caractère d'échappement :"/>
            <Item id="24622" name="Fermant :"/>
            <Item id="24623" name="Style"/>
            <Item id="24651" name="Délimiteur 8"/>
            <Item id="24670" name="Ouvrant :"/>
            <Item id="24671" name="Caractère d'échappement :"/>
            <Item id="24672" name="Fermant :"/>
            <Item id="24673" name="Style"/>
        </Operator>
    </UserDefine>
            <Preference title="Préférences">
                <Item id="6001" name="Fermer"/>
                <Global title="Général">
                    <Item id="6101" name="Barre d’outils"/>
                    <Item id="6102" name="Cacher"/>
                    <Item id="6103" name="Petites icônes"/>
                    <Item id="6104" name="Grandes icônes"/>
                    <Item id="6105" name="Icônes standards"/>
                    <Item id="6106" name="Barre d’onglets"/>
                    <Item id="6107" name="Réduire la taille"/>
                    <Item id="6108" name="Verrouiller (pas de glisser-déposer)"/>
                    <Item id="6109" name="Colorer les onglets inactifs"/>
                    <Item id="6110" name="Barre colorée sur l’onglet actif"/>
                    <Item id="6111" name="Afficher la barre d'état"/>
                    <Item id="6112" name="Bouton de fermeture sur chaque onglet"/>
                    <Item id="6113" name="Fermer l'onglet par double clic"/>
                    <Item id="6118" name="Cacher"/>
                    <Item id="6119" name="Multiligne"/>
                    <Item id="6120" name="Verticale"/>
                    <Item id="6121" name="Quitter lors de la fermeture du dernier onglet"/>
                    <Item id="6122" name="Cachée (Alt ou F10 pour afficher)"/>
                    <Item id="6123" name="Langue"/>
                    <Item id="6125" name="Commutateur de documents"/>
                    <Item id="6126" name="Montrer"/>
                    <Item id="6127" name="Désactiver la colonne d'extension"/>
                </Global>
                <Scintillas title="Zones d'édition">
                    <Item id="6201" name="Contrôle de repli de bloc"/>
                    <Item id="6202" name="Simple"/>
                    <Item id="6203" name="Flèche"/>
                    <Item id="6204" name="Cercle"/>
                    <Item id="6205" name="Carré"/>
                    <Item id="6206" name="Afficher la numérotation des lignes"/>
                    <Item id="6207" name="Afficher la marge de signet"/>
                    <Item id="6208" name="Afficher la marge droite"/>
                    <Item id="6209" name="Nombre de colonnes :"/>
                    <Item id="6234" name="Désactiver le défilement avancé
(en cas de problème du touchpad)"/>
                    <Item id="6211" name="Largeur des lignes"/>
                    <Item id="6212" name="Afficher un filet vertical"/>
                    <Item id="6213" name="Colorer l’arrière-plan"/>
                    <Item id="6214" name="Surligner la ligne actuelle"/>
                    <Item id="6215" name="Activer le lissage de police"/>
                    <Item id="6216" name="Curseur"/>
                    <Item id="6217" name="Largeur :"/>
                    <Item id="6219" name="Clignotement :"/>
                    <Item id="6221" name="Vif"/><!-- Rapide -->
                    <Item id="6222" name="Zen"/><!-- Lent -->
                    <Item id="6224" name="Multiédition"/>
                    <Item id="6225" name="Activer (Ctrl+Clic/sélection)"/>
                    <Item id="6226" name="Aucun"/>
                    <Item id="6227" name="Ligne pliée"/>
                    <Item id="6228" name="Défaut"/>
                    <Item id="6229" name="Aligné"/>
                    <Item id="6230" name="Indenté"/>
                    <Item id="6231" name="Largeur de la bordure"/>
                    <Item id="6235" name="Pas de bordure"/>
                    <Item id="6236" name="Activer le défilement au-delà de la dernière ligne"/>
                </Scintillas>
                <NewDoc title="Nouveau document">
                    <Item id="6401" name="Format des sauts de ligne"/>
                    <Item id="6402" name="Windows"/>
                    <Item id="6403" name="Unix"/>
                    <Item id="6404" name="Mac"/>
                    <Item id="6405" name="Encodage"/>
                    <Item id="6406" name="ANSI"/>
                    <Item id="6407" name="UTF-8 sans BOM"/>
                    <Item id="6408" name="UTF-8"/>
                    <Item id="6409" name="UTF-16BE (Big Endian)"/>
                    <Item id="6410" name="UTF-16LE (Little Endian)"/>
                    <Item id="6411" name="Langage par défaut :"/>
                    <Item id="6419" name="Nouveau document"/>
                    <Item id="6420" name="Appliquer aux fichiers ANSI ouverts"/>
                </NewDoc>

                <DefaultDir title="Dossier par défaut">
                    <Item id="6413" name="Dossier par défaut (ouvrir/enregistrer)"/>
                    <Item id="6414" name="Utiliser celui du document actuel"/>
                    <Item id="6415" name="Mémoriser le dernier dossier utilisé"/>
                    <Item id="6430" name="Activer le nouveau style de dialogue (sans l'extension de fichier &amp; le style du chemin d'Unix supporté)"/>
                    <Item id="6431" name="Lors de glisser-déposer d'un dossier, ouvrir tous les fichiers dans le dossier"/>
                </DefaultDir>

                <FileAssoc title="Extensions de fichier">
                  <Item id="4009" name="Extensions :"/>
                  <Item id="4010" name="Extensions associées :"/>
                </FileAssoc>
                <Language title="Langage">
                    <Item id="6505" name="Langages disponibles"/>
                    <Item id="6506" name="Langages cachés"/>
                    <Item id="6507" name="Compacter le menu Langage"/>
                    <Item id="6508" name="Menu Langage"/>
                    <Item id="6301" name="Tabulations"/>
                    <Item id="6302" name="Insérer des espaces"/>
                    <Item id="6303" name="Taille : "/>
                    <Item id="6510" name="Valeur par défaut"/>
                </Language>
                <Highlighting title="Coloration">
                    <Item id="6333" name="Sélectionner et montrer tout"/>
                    <Item id="6326" name="Activer le coloriage automatique"/>
                    <Item id="6332" name="Sensible à la casse"/>
                    <Item id="6338" name="Mot entier uniquement"/>
                    <Item id="6339" name="Utiliser les paramètres de Recherche"/>
                    <Item id="6340" name="Sur l'autre vue également"/>
                    <Item id="6329" name="Surligner les tags ouverture/fermeture"/>
                    <Item id="6327" name="Activer"/>
                    <Item id="6328" name="Les attributs de tag"/>
                    <Item id="6330" name="Dans la zone commentaire/php/asp"/>
                </Highlighting>
                <Print title="Impression">
                    <Item id="6601" name="Imprimer les numéros de lignes"/>
                    <Item id="6602" name="Couleur"/>
                    <Item id="6603" name="Impression telle qu'à l'écran"/>
                    <Item id="6604" name="Inverser"/>
                    <Item id="6605" name="Noir et blanc"/>
                    <Item id="6606" name="Sans couleur de fond"/>
                    <Item id="6607" name="Marge (en mm)"/>
                    <Item id="6612" name="Gauche"/>
                    <Item id="6613" name="Haut"/>
                    <Item id="6614" name="Droit"/>
                    <Item id="6615" name="Bas"/>
                    <Item id="6706" name="Gras"/>
                    <Item id="6707" name="Italique"/>
                    <Item id="6708" name="Entête"/>
                    <Item id="6709" name="à gauche"/>
                    <Item id="6710" name="centré"/>
                    <Item id="6711" name="à droite"/>
                    <Item id="6717" name="Gras"/>
                    <Item id="6718" name="Italique"/>
                    <Item id="6719" name="Pied de page"/>
                    <Item id="6720" name="à gauche"/>
                    <Item id="6721" name="centré"/>
                    <Item id="6722" name="à droite"/>
                    <Item id="6723" name="Ajouter"/>
                    <Item id="6725" name="Variable :"/>
                    <Item id="6727" name="Les variables paramétrées sont affichées ici"/>
                    <Item id="6728" name="Entête et pied de page"/>
                </Print>

                <RecentFilesHistory title="Historique des fichiers récents">
                    <Item id="6304" name="Historique des fichiers récents"/>
                    <Item id="6306" name="Nombre maxi. de fichiers récents :"/>
                    <Item id="6305" name="Ne pas vérifier au lancement"/>
                    <Item id="6429" name="Affichage"/>
                    <Item id="6424" name="Dans un sous-menu"/>
                    <Item id="6425" name="Nom du fichier seul"/>
                    <Item id="6426" name="Chemin complet du fichier"/>
                    <Item id="6427" name="Adapter la longueur maximale"/>
                </RecentFilesHistory>

                <Backup title="Sauvegarde">
                    <Item id="6817" name="Instantané de la session et sauvegarde périodique"/>
                    <Item id="6818" name="Activer instantané de la session et sauvegarde périodique"/>
                    <Item id="6819" name="Sauvegarder toutes les"/>
                    <Item id="6821" name="secondes"/>
                    <Item id="6822" name="dans le dossier"/>
                    <Item id="6309" name="Mémoriser la session actuelle"/>
                    <Item id="6315" name="Aucune"/>
                    <Item id="6316" name="Simple"/>
                    <Item id="6317" name="Détaillée"/>
                    <Item id="6801" name="Sauvegarde"/>
                    <Item id="6803" name="Dossier :"/>
                    <Item id="6804" name="Dossier spécifique"/>
                </Backup>
                <AutoCompletion title="Autocomplétion">
                    <Item id="6807" name="Autocomplétion"/>
                    <Item id="6808" name="Activer la complétion automatique"/>
                    <Item id="6809" name="Complétion de fonction"/>
                    <Item id="6810" name="Complétion de mot"/>
                    <Item id="6816" name="Complétion de fonction et de mot"/>
                    <Item id="6811" name="À partir du"/>
                    <Item id="6813" name="ème caractère"/>
                    <Item id="6814" name="Valeur possible : de 1 à 9"/>
                    <Item id="6815" name="Paramètres affichés durant la saisie"/>
                    <Item id="6824" name="Ignorer les nombres"/>
                    <Item id="6851" name="Insertion automatique"/>
                    <Item id="6857" name="Balise fermante (html/xml)"/>
                    <Item id="6858" name="Début"/>
                    <Item id="6859" name="Fin"/>
                    <Item id="6860" name="paire #1 :"/>
                    <Item id="6863" name="paire #2 :"/>
                    <Item id="6866" name="paire #3 :"/>
                </AutoCompletion>

                <MultiInstance title="Instance Multiple">
                    <Item id="6151" name="Options d'instance multiple"/>
                    <Item id="6152" name="Ouverture de session dans une nouvelle instance"/>
                    <Item id="6153" name="Toujours en mode instance multiple"/>
                    <Item id="6154" name="Défaut (instance unique)"/>
                    <Item id="6155" name="* Redémarrez Notepad++ pour prendre en compte la modification"/>
                </MultiInstance>

                <Delimiter title="Délimiteur">
                    <Item id="6251" name="Sélection dans les délimiteurs (Ctrl + Souris double clic)"/>
                    <Item id="6252" name="Début"/>
                    <Item id="6255" name="Fin"/>
                    <Item id="6256" name="Sur plusieurs lignes"/>
                    <Item id="6161" name="Liste des caractères de mot"/>
                    <Item id="6162" name="Utiliser la liste d'origine des caractères de mot"/>
                    <Item id="6163" name="Ajouter ces caractères comme caractères de mot
(Ne pas utiliser cette option si vous ne savez pas ce qu'elle fait)"/>
                </Delimiter>

                <Cloud title="Cloud">
                    <Item id="6261" name="Chemin invalide"/>
                    <Item id="6262" name="Sauvegarder les paramètres dans le cloud"/>
                    <Item id="6263" name="Par défaut"/>
                    <Item id="6267" name="Chemin d'accès de votre cloud :"/>
                    <!--Item id="6261" name="Please restart Notepad++ to take effect."/-->
                </Cloud>

                <SearchEngine title="Moteur de recherche">
                    <Item id="6271" name="Moteur de recherche (Pour la commande &quot;Rechercher sur Internet&quot;)"/>
                    <Item id="6272" name="DuckDuckGo"/>
                    <Item id="6273" name="Google"/>
                    <Item id="6274" name="Bing"/>
                    <Item id="6275" name="Yahoo!"/>
                    <Item id="6276" name="Votre moteur de recherche :"/>
                    <!-- Don't change anything after Example: -->
                    <Item id="6278" name="Exemple : https://www.google.com/search?q=$(CURRENT_WORD)"/>
                </SearchEngine>

                <MISC title="Divers">
                    <ComboBox id="6347">
                        <Element name="Activer"/>
                        <Element name="Activer avec tous les onglets"/>
                        <Element name="Désactiver"/>
                    </ComboBox>
                    <Item id="6114" name="Activer"/>
                    <Item id="6115" name="Indentation automatique"/>
                    <Item id="6117" name="Activer la liste de MRU"/>
                    <Item id="6307" name="Détection automatique"/>
                    <Item id="6308" name="Réduire dans la barre de notifications"/>
                    <Item id="6312" name="Autodétection de l’état des fichiers"/>
                    <Item id="6313" name="Mise à jour sans alerte"/>
                    <Item id="6318" name="Paramétrage de lien cliquable"/>
                    <Item id="6319" name="Activer"/>
                    <Item id="6320" name="Ne pas souligner"/>
                    <Item id="6322" name="Ext. fichier session :"/>
                    <Item id="6323" name="Activer la mise à jour automatique"/>
                    <Item id="6324" name="Commutateur de documents (Ctrl+Tab)"/>
                    <Item id="6325" name="Aller à la dernière ligne après mise à jour"/>
                    <Item id="6331" name="Afficher seulement le nom du fichier dans la barre de titre"/>
                    <Item id="6334" name="Détecter l'encodage automatiquement"/>
                    <Item id="6335" name="Backslash : caractère d'échappement pour SQL"/>
                    <Item id="6337" name="Ext. fichier espace de travail :"/>
                </MISC>
            </Preference>
            <MultiMacro title="Exécuter une macro en boucle">
                <Item id="1" name="Exécuter"/>
                <Item id="2" name="Annuler"/>
                <Item id="8001" name="L'exécuter"/>
                <Item id="8002" name="Jusqu'à la fin du fichier"/>
                <Item id="8005" name="fois"/>
                <Item id="8006" name="Macro à exécuter :"/>
            </MultiMacro>
            <Window title="Documents">
                <Item id="1" name="Activer"/>
                <Item id="2" name="Quitter"/>
                <Item id="7002" name="Enregistrer"/>
                <Item id="7003" name="Fermer fenêtres"/>
                <Item id="7004" name="Trier les onglets"/>
                <Item id="Name" name="Nom"/>
                <Item id="Path" name="Chemin"/>
                <Item id="Type" name="Type"/>
            </Window>
            <ColumnEditor title="Édition en colonnes">
                <Item id="1" name="OK"/>
                <Item id="2" name="Annuler"/>
                <Item id="2023" name="Texte à insérer"/>
                <Item id="2024" name="Déc."/>
                <Item id="2025" name="Oct."/>
                <Item id="2026" name="Hex."/>
                <Item id="2027" name="Bin."/>
                <Item id="2030" name="Nombre initial :"/>
                <Item id="2031" name="Augmenter de :"/>
                <Item id="2032" name="Format"/>
                <Item id="2033" name="Nombre à insérer"/>
                <Item id="2035" name="Nombre de zéros"/>
            </ColumnEditor>
            <FindInFinder title="Rechercher dans les résultats trouvés">
                <Item id="1"    name="Rechercher Tout"/>
                <Item id="2"    name="Fermer"/>
                <Item id="1711" name="Recherche :"/>
                <Item id="1713" name="Rechercher dans les lignes trouvées seulement"/>
                <Item id="1714" name="Mot entier &amp;uniquement"/>
                <Item id="1715" name="Respecter la &amp;casse"/>
                <Item id="1716" name="Mode de Recherche"/>
                <Item id="1717" name="Mode normal"/>
                <Item id="1719" name="&amp;Expression régulière"/>
                <Item id="1718" name="Mode étendu (\n, \r, \t, \0, \x...)"/>
                <Item id="1720" name="&amp;. comprend ligne nouvelle"/>
            </FindInFinder>
        </Dialog>
        <MessageBox>
            <CannotMoveDoc title="Déplacement vers une nouvelle instance Notepad++" message="Le document est en cours d'utilisation, le sauvegarder puis réessayer."/>
            <ColumnModeTip title="Sélection en mode colonnes" message="Utiliser 'Alt+sélection souris' ou 'Alt+Maj+flêches' pour activer le mode colonne."/>
            <ContextMenuXmlEditWarning title="Édition du Menu Contextuel" message="L'édition de contextMenu.xml vous permet de modifier la fenêtre de menu contextuel de Notepad++. Vous devez redémarrer votre Notepad++ pour prendre en compte les modifications du fichier."/>
            <DeleteFileFailed title="Suppression du fichier" message="La suppression du fichier a échoué."/>
            <DocReloadWarning title="Recharger" message="Êtes-vous sûr de vouloir recharger le fichier en cours et de perdre les modifications apportées dans Notepad++ ?"/>
            <FileAlreadyOpenedInNpp title="" message="Le fichier est toujours ouvert dans Notepad++."/>
            <FileLockedWarning title="Échec de la sauvegarde" message="Veuillez vérifier si ce fichier est ouvert par un autre programme"/>
            <LoseUndoAbilityWarning title="Perte de la capacité d'annulation" message="Vous devez enregistrer la modification en cours. Toutes les modifications enregistrées ne peuvent pas être annulées. Continuer ?"/>
            <!-- $INT_REPLACE$ is a place holder, don't translate it -->
            <NbFileToOpenImportantWarning title="Quantité de fichiers à ouvrir trop grande." message="$INT_REPLACE$ fichiers sont sur le point d'être ouverts. Êtes-vous sûr de les ouvrir ?"/>
            <NppHelpAbsentWarning title="Le fichier n'existe pas" message=" n'existe pas. Veuillez le télécharger sur le site de Notepad++."/>
            <SaveCurrentModifWarning title="Sauvegarder la modification en cours" message="Vous devez enregistrer la modification en cours. Toutes les modifications enregistrées ne peuvent pas être annulées. Continuer ?"/>
            <FilePathNotFoundWarning title="Ouvrir" message="Le fichier que vous essayez d'ouvrir n'existe pas."/>
            <SessionFileInvalidError title="Impossible de charger la session" message="Le fichier de session est endommagé ou non valide."/>
            <DroppingFolderAsProjectModeWarning title="Action invalide" message="Vous ne pouvez déposer que des fichiers ou des dossiers mais pas les deux, car vous êtes en mode Projet.
vous devez activer &quot;Open all files of folder instead of launching Folder as Workspace on folder dropping&quot; in &quot;Default Directory&quot; section of Preferences dialog to make this operation work."/>
            <SortingError title="Erreur de tri" message="Impossible d'effectuer le tri numérique à cause de la ligne $INT_REPLACE$."/>
            <BufferInvalidWarning title="Échec de sauvegarde" message="Cannot save: Buffer is invalid."/>
            <DoSaveOrNot title="Sauvegarder" message="Sauvegarder le fichier &quot;$STR_REPLACE$&quot; ?"/>
            <DoCloseOrNot title="Conserver un fichier non existant" message="Le fichier &quot;$STR_REPLACE$&quot; n'existe plus.
Conserver ce fichier dans l'éditeur ?"/>
            <DoDeleteOrNot title="Supprimer fichier" message="Le fichier &quot;$STR_REPLACE$&quot;
sera déplacé dans votre corbeille et ce document sera fermé.
Continue?"/>
            <NoBackupDoSaveFile title="Sauvegarde" message="Votre fichier de sauvegarde ne peut pas être trouvé (effacé de l'extérieur).
Sauvegardez-le sinon vos données seront perdues
Voulez-vous enregistrer le fichier &quot;$STR_REPLACE$&quot; ?"/>
            <DoReloadOrNot title="Recharger" message="&quot;$STR_REPLACE$&quot;

Ce fichier a été modifié par un autre programme.
Voulez-vous le recharger ?"/>
            <DoReloadOrNotAndLooseChange title="Recharger" message="&quot;$STR_REPLACE$&quot;

Ce fichier a été modifié par un autre programme.
Voulez-vous le recharger et perdre les modifications effectuées dans Notepad++ ?"/>
            <PrehistoricSystemDetected title="Système préhistorique détecté" message="Il semble que vous utilisez toujours un système préhistorique, cette fonctionnalité ne fonctionne que sur un système moderne, désolé."/>
            <XpUpdaterProblem title="Notepad++ Updater" message="Notepad++ updater is not compatible with XP due to the obsolete security layer under XP.
Do you want to go to Notepad++ page to download the latest version?"/>
            <DocTooDirtyToMonitor title="Monitoring problem" message="The document is dirty. Please save the modification before monitoring it."/>
            <DocNoExistToMonitor title="Monitoring problem" message="The file should exist to be monitored."/>
            <FileTooBigToOpen title="File size problem" message="File is too big to be opened by Notepad++"/>
            <CreateNewFileOrNot title="Create new file" message="&quot;$INT_REPLACE$&quot; doesn't exist. Create it?."/>
            <CreateNewFileError title="Create new file" message="Cannot create the file &quot;$INT_REPLACE$&quot;."/>
            <OpenFileError title="ERREUR" message="Can not open file &quot;$INT_REPLACE$&quot;."/>
            <FileBackupFailed title="File Backup Failed" message="The previous version of the file could not be saved into the backup directory at &quot;$INT_REPLACE$&quot;.

Do you want to save the current file anyways?"/>
            <LoadStylersFailed title="Load stylers.xml failed" message="Load &quot;$INT_REPLACE$&quot; failed!"/>
            <LoadLangsFailed title="Configurator" message="Load langs.xml failed!
Do you want to recover your langs.xml?"/>
            <LoadLangsFailedFinal title="Configurator" message="Load langs.xml failed!"/>
            <FolderAsWorspaceSubfolderExists title="Folder as Workspace adding folder problem" message="A sub-folder of the folder you want to add exists.
Please remove its root from the panel before you add folder &quot;$STR_REPLACE$&quot;."/>

            <ProjectPanelChanged title="$STR_REPLACE$" message="The workspace was modified. Do you want to save it?"/>
            <ProjectPanelChangedSaveError title="$STR_REPLACE$" message="Your workspace has not been saved."/>
            <ProjectPanelOpenDoSaveDirtyWsOrNot title="Open Workspace" message="The current workspace was modified. Do you want to save the current project?"/>
            <ProjectPanelNewDoSaveDirtyWsOrNot title="New Workspace" message="The current workspace was modified. Do you want to save the current project?"/>
            <ProjectPanelOpenFailed title="Open Workspace" message="The workspace could not be opened.
It seems the file to open is not a valid project file."/>
            <ProjectPanelRemoveFolderFromProject title="Remove folder from project" message="All the sub-items will be removed.
Are you sure you want to remove this folder from the project?"/>
            <ProjectPanelRemoveFileFromProject title="Remove file from project" message="Are you sure you want to remove this file from the project?"/>
            <ProjectPanelReloadError title="Recharger l'espace de travail" message="Impossible de trouver le fichier à recharger."/>
            <ProjectPanelReloadDirty title="Recharger l'espace de travail" message="L'espace de travail actuel a été modifié. Le rechargement éliminera toutes les modifications.
Voulez-vous continuer ?"/>
            <UDLNewNameError title="Erreur UDL" message="Ce nom est utilisé par un autre langage,
veuillez en donner un autre."/>
            <UDLRemoveCurrentLang title="Remove the current language" message="Are you sure?"/>
            <SCMapperDoDeleteOrNot title="Are you sure?" message="Are you sure you want to delete this shortcut?"/>
            <FindCharRangeValueError title="Range Value problem" message="You should type between from 0 to 255."/>
            <OpenInAdminMode title="L'enregistrement a échoué" message="Le fichier ne peut pas être enregistré et il est peut-être protégé.
Voulez-vous lancer Notepad++ en mode Administrateur ?"/>
            <OpenInAdminModeWithoutCloseCurrent title="L'enregistrement a échoué" message="Le fichier ne peut pas être enregistré et il est peut-être protégé.
Voulez-vous lancer Notepad++ en mode Administrateur ?"/>
            <OpenInAdminModeFailed title="L'ouverture en mode Administrateur a échoué" message="Notepad++ ne peut pas être lancé en mode Administrateur."/>
        </MessageBox>
        <ClipboardHistory>
            <PanelTitle name="Historique du presse-papiers"/>
        </ClipboardHistory>
        <DocSwitcher>
            <PanelTitle name="Commutateur de documents"/>
            <ColumnName name="Nom"/>
            <ColumnExt name="Ext."/>
        </DocSwitcher>
        <WindowsDlg>
            <ColumnName name="Nom"/>
            <ColumnPath name="Chemin"/>
            <ColumnType name="Type"/>
        </WindowsDlg>
        <AsciiInsertion>
            <PanelTitle name="Panneau des caractères ASCII"/>
            <ColumnVal name="Valeur"/>
            <ColumnHex name="Hexa"/>
            <ColumnChar name="Caractère"/>
        </AsciiInsertion>
        <DocumentMap>
            <PanelTitle name="Plan du Document"/>
        </DocumentMap>
        <FunctionList>
            <PanelTitle name="Liste des Fonctions"/>
            <SortTip name="Trier" />
            <ReloadTip name="Recharger" />
        </FunctionList>
        <FolderAsWorkspace>
            <PanelTitle name="Dossier en tant qu'Espace de travail"/>
            <SelectFolderFromBrowserString name="Sélectionner un dossier pour ajouter dans Dossier en tant qu'Espace de travail"/>
            <Menus>
                <Item id="3511" name="Effacer"/>
                <Item id="3512" name="Effacer Tout"/>
                <Item id="3513" name="Ajouter"/>
                <Item id="3514" name="Exécuter par le système"/>
                <Item id="3515" name="Ouvrir"/>
                <Item id="3516" name="Copier le chemin d'accès"/>
                <Item id="3517" name="Rechercher dans les fichiers..."/>
                <Item id="3518" name="Explorer depuis ici"/>
                <Item id="3519" name="CMD depuis ici"/>
            </Menus>
        </FolderAsWorkspace>
        <ProjectManager>
            <PanelTitle name="Projet"/>
            <WorkspaceRootName name="Espace de travail"/>
            <NewProjectName name="Nom du projet"/>
            <NewFolderName name="Nom du dossier"/>
            <Menus>
                <Entries>
                    <Item id="0" name="Espace de travail"/>
                    <Item id="1" name="Éditer"/>
                </Entries>
                <WorkspaceMenu>
                    <Item id="3121" name="Ajouter un nouveau projet"/>
                    <Item id="3122" name="Nouvel espace de travail"/>
                    <Item id="3123" name="Ouvrir espace de travail"/>
                    <Item id="3124" name="Recharger espace de travail"/>
                    <Item id="3125" name="Enregistrer"/>
                    <Item id="3126" name="Enregistrer sous..."/>
                    <Item id="3127" name="Enregistrer une copie..."/>
                </WorkspaceMenu>
                <ProjectMenu>
                    <Item id="3111" name="Renommer"/>
                    <Item id="3112" name="Nouveau dossier"/>
                    <Item id="3113" name="Ajouter un (des) fichier(s)..."/>
                    <Item id="3114" name="Effacer"/>
                    <Item id="3117" name="Ajouter les fichiers à partir d'un dossier..."/>
                    <Item id="3118" name="Déplacer vers le haut"/>
                    <Item id="3119" name="Déplacer vers le bas"/>
                </ProjectMenu>
                <FolderMenu>
                    <Item id="3111" name="Renommer"/>
                    <Item id="3112" name="Nouveau Dossier"/>
                    <Item id="3113" name="Ajouter un (des) fichier(s)..."/>
                    <Item id="3114" name="Effacer"/>
                    <Item id="3117" name="Ajouter les fichiers à partir d'un dossier..."/>
                    <Item id="3118" name="Déplacer vers le haut"/>
                    <Item id="3119" name="Déplacer vers le bas"/>
                </FolderMenu>
                <FileMenu>
                    <Item id="3111" name="Renommer"/>
                    <Item id="3115" name="Effacer"/>
                    <Item id="3116" name="Modifier le chemin du fichier"/>
                    <Item id="3118" name="Déplacer vers le haut"/>
                    <Item id="3119" name="Déplacer vers le bas"/>
                </FileMenu>
            </Menus>
        </ProjectManager>
        <MiscStrings>
            <word-chars-list-tip value="Ceci permet d'inclure des caractères supplémentaires dans les caractères de mot courants, lors de double-clic pour la sélection ou la recherche avec l'option &quot;Mot entier uniquement&quot;."/>
            <word-chars-list-warning-begin value="Attention : "/>
            <!-- $INT_REPLACE$ is a place holder, don't translate it -->
            <word-chars-list-space-warning value="$INT_REPLACE$ espace(s)"/>
            <!-- $INT_REPLACE$ is a place holder, don't translate it -->
            <word-chars-list-tab-warning value="$INT_REPLACE$ TAB(s)"/>
            <word-chars-list-warning-end value="  dans votre liste des caractères."/>
            <cloud-invalid-warning value="Chemin invalide."/>
            <cloud-restart-warning value="Veuillez redémarrer Notepad++ afin que le changement prenne effet."/>
            <shift-change-direction-tip value="Utilisez Shift + Entrée pour rechercher dans le sens inverse"/>
            <two-find-buttons-tip value="2 boutons Recherche"/>
            <cloud-select-folder value="Sélectionner un répertoire où Notepad++ lit ou écrit ses paramètres"/>
            <find-status-top-reached value="Rechercher : La 1ère occurrence a été trouvée depuis le bas. Le début du document a été atteint"/>
            <find-status-end-reached value="Rechercher : La 1ère occurrence a été trouvée depuis le haut. La fin du document a été atteinte"/>
            <find-status-replaceinfiles-1-replaced value="Remplacer dans les fichiers : 1 occurrence a été remplacée"/>
            <find-status-replaceinfiles-nb-replaced value="Remplacer dans les fichiers : $INT_REPLACE$ occurrences ont été remplacées"/>
            <find-status-replaceinfiles-re-malformed value="Remplacer dans les fichiers ouverts : l'expression régulière est malformée"/>
            <find-status-replaceinopenedfiles-1-replaced value="Remplacer dans les fichiers ouverts : 1 occurrence a été remplacée"/>
            <find-status-replaceinopenedfiles-nb-replaced value="Remplacer dans les fichiers ouverts : $INT_REPLACE$ occurrences ont été remplacées"/>
            <find-status-mark-re-malformed value="Marquer : l'expression régulière est malformée"/>
            <find-status-invalid-re value="Rechercher : Expression régulière invalide"/>
            <find-status-mark-1-match value="1 résultat"/>
            <find-status-mark-nb-matches value="$INT_REPLACE$ résultats"/>
            <find-status-count-re-malformed value="Compter : l'expression régulière est malformée"/>
            <find-status-count-1-match value="Compter : 1 résultat"/>
            <find-status-count-nb-matches value="Compter : $INT_REPLACE$ résultats"/>
            <find-status-replaceall-re-malformed value="Remplacer tout : l'expression régulière est malformée"/>
            <find-status-replaceall-1-replaced value="Remplacer tout : 1 occurrence a été remplacée"/>
            <find-status-replaceall-nb-replaced value="Remplacer tout : $INT_REPLACE$ occurrences ont été remplacées"/>
            <find-status-replaceall-readonly value="Remplacer tout : l'opération a échoué. Le fichier est en lecture seule"/>
            <find-status-replace-end-reached value="Remplacer : La 1ère occurrence a été remplacée depuis le haut. La fin du document a été atteinte"/>
            <find-status-replace-top-reached value="Remplacer : La 1ère occurrence a été remplacée depuis le bas. Le début du document a été atteint"/>
            <find-status-replace-not-found value="Remplacer : aucune occurrence n'a été trouvée"/>
            <find-status-replace-readonly value="Remplacer : l'opération a échoué. Le fichier est en lecture seule"/>
            <find-status-cannot-find value="Rechercher : &quot;$STR_REPLACE$&quot; n'a pas été trouvé"/>
            <finder-find-in-finder value="Rechercher dans les résultats..."/>
            <finder-close-this value="Fermer le dialogue des résultats"/>
            <finder-collapse-all value="Replier tout"/>
            <finder-uncollapse-all value="Déplier tout"/>
            <finder-copy value="Copier"/>
            <finder-select-all value="Sélectionner tout"/>
            <finder-clear-all value="Effacer tout"/>
            <finder-open-all value="Ouvrir tout"/>
        </MiscStrings>
    </Native-Langue>
</NotepadPlus>
