<?xml version="1.0" encoding="utf-8" ?>
<NotepadPlus>
	<Native-Langue name="Greek" filename="greek.xml" >
		<Menu>
			<Main>
                <!-- Main Menu Entries -->
				<Entries>
					<Item menuId="file" name="&amp;Αρχείο"/>
					<Item menuId="edit" name="&amp;Επεξεργασία"/>
					<Item menuId="search" name="Εύ&amp;ρεση"/>
					<Item menuId="view" name="&amp;Προβολή"/>
					<Item menuId="encoding" name="&amp;Κωδικοποίηση"/>
					<Item menuId="language" name="&amp;Γλώσσα"/>
					<Item menuId="settings" name="Ρυ&amp;θμίσεις"/>
					<Item menuId="macro" name="Μακροεντολή"/>
					<Item menuId="run" name="Εκτέλεση"/>
					<Item idName="Plugins" name="Πρόσθετα"/>
					<Item idName="Window" name="Παράθυρο"/>
				</Entries>
                <!-- Sub Menu Entries -->
                <SubEntries>
                    <Item subMenuId="edit-copyToClipboard"  name="Αντιγραφή στο Πρόχειρο"/>
                    <Item subMenuId="edit-indent" name="Εσοχή"/>
                    <Item subMenuId="edit-convertCaseTo" name="Μετατροπή Γραμμάτων"/>
                    <Item subMenuId="edit-lineOperations" name="Γραμμή Εργασιών"/>
                    <Item subMenuId="edit-comment" name="Πρόσθεση/Αφαίρεση σχολίου"/>
                    <Item subMenuId="edit-autoCompletion" name="Αυτόματη-Ολοκλήρωση"/>
                    <Item subMenuId="edit-eolConversion" name="Μετατροπή Αλλαγής Γραμμής"/>
					<Item subMenuId="edit-blankOperations" name="Λειτουργίες Κενών Χαρακτήρων"/>
                    <Item subMenuId="search-markAll" name="Μαρκάρισμα όλων"/>
                    <Item subMenuId="search-unmarkAll" name="Απομαρκάρισμα όλων"/>
                    <Item subMenuId="search-jumpUp" name="Μετάβαση επάνω"/>
                    <Item subMenuId="search-jumpDown" name="Μετάβαση κάτω"/>
                    <Item subMenuId="search-bookmark" name="Σελιδοδείκτης"/>
                    <Item subMenuId="view-showSymbol"  name="Εμφάνιση Συμβόλων"/>
                    <Item subMenuId="view-zoom"  name="Μεγέθυνση"/>
                    <Item subMenuId="view-moveCloneDocument"  name="Μετακίνηση/Κλωνοποίηση τρέχοντος εγγράφου"/>
                    <Item subMenuId="view-collapseLevel" name="Σύμπτυξη επιπέδου"/>
                    <Item subMenuId="view-uncollapseLevel" name="Ανάπτυξη επιπέδου"/>
                    <Item subMenuId="encoding-characterSets"  name="Κωδικοποίηση γλώσσας"/>
                    <Item subMenuId="encoding-arabic"  name="Αραβική"/>
                    <Item subMenuId="encoding-baltic"  name="Βαλτική"/>
                    <Item subMenuId="encoding-celtic"  name="Κελτική"/>
                    <Item subMenuId="encoding-cyrillic"  name="Κυριλλική"/>
                    <Item subMenuId="encoding-centralEuropean"  name="Κεντρικής Ευρώπης"/>
                    <Item subMenuId="encoding-chinese"  name="Κινεζική"/>
                    <Item subMenuId="encoding-easternEuropean"  name="EΑνατολικής Ευρώπης"/>
                    <Item subMenuId="encoding-greek"  name="Ελληνική"/>
                    <Item subMenuId="encoding-hebrew"  name="Εβραϊκή"/>
                    <Item subMenuId="encoding-japanese"  name="Ιαπωνική"/>
                    <Item subMenuId="encoding-korean" name="Κορεατική"/>
                    <Item subMenuId="encoding-northEuropean" name="Βόρειας Ευρώπης"/>
                    <Item subMenuId="encoding-thai" name="Ταϊλανδική"/>
                    <Item subMenuId="encoding-turkish" name="Τουρκική"/>
                    <Item subMenuId="encoding-westernEuropean" name="Δυτικής Ευρώπης"/>
                    <Item subMenuId="encoding-vietnamese" name="Βιετναμέζικγη"/>
                    <Item subMenuId="settings-import"  name="Εισαγωγή"/>
                </SubEntries>
                <!-- all menu item -->
                <Commands>
                    <Item id="41001" name="&amp;Νέο"/>
                    <Item id="41002" name="&amp;Άνοιγμα"/>
                    <Item id="41003" name="Κλείσιμο"/>
                    <Item id="41004" name="Κλ&amp;είσιμο Όλων"/>
                    <Item id="41005" name="Κλείσιμο Όλων εκτός του Τρέχοντος Εγγράφου"/>
                    <Item id="41006" name="&amp;Αποθήκευση"/>
                    <Item id="41007" name="Αποθήκευ&amp;ση Όλων"/>
                    <Item id="41008" name="Αποθήκευση &amp;Ως..."/>
                    <Item id="41010" name="Εκτύπωση..."/>
                    <Item id="1001"  name="Εκτύπωση Τώρα!"/>
                    <Item id="41011" name="Έ&amp;ξοδος"/>
					<Item id="41012" name="Φόρτωση Συνόδου..."/>
                    <Item id="41013" name="Αποθήκευση Συνόδου..."/>
                    <Item id="41014" name="Επαναφόρτωση από Δίσκο"/>
                    <Item id="41015" name="Αποθήκευση Αντιγράφου Ως..."/>
                    <Item id="41016" name="Διαγραφή από το Δίσκο"/>
                    <Item id="41017" name="Μετονομασία..."/>

                    <Item id="42001" name="Αποκο&amp;πή"/>
                    <Item id="42002" name="&amp;Αντιγραφή"/>
                    <Item id="42003" name="&amp;Αναίρεση"/>
                    <Item id="42004" name="&amp;Ακύρωση Αναίρεσης"/>
                    <Item id="42005" name="&amp;Επικόλληση"/>
                    <Item id="42006" name="&amp;Διαγραφή"/>
                    <Item id="42007" name="Επιλογή Ό&amp;λων"/>
                    <Item id="42008" name="Αύξηση Εσοχής Γραμμής"/>
                    <Item id="42009" name="Μείωση Εσοχής Γραμμής"/>
                    <Item id="42010" name="Διπλότυπο τρέχουσας γραμμής"/>
                    <Item id="42012" name="Διαχωρισμός γραμμών"/>
                    <Item id="42013" name="Ένωση Γραμμών"/>
                    <Item id="42014" name="Μετακίνηση τρέχουσας γραμμής Πάνω"/>
                    <Item id="42015" name="Μετακίνηση τρέχουσας γραμμής Κάτω"/>
                    <Item id="42016" name="σε ΚΕΦΑΛΑΙΑ"/>
                    <Item id="42017" name="σε Πεζά"/>
                    <Item id="42018" name="&amp;Έναρξη Εγγραφής"/>
                    <Item id="42019" name="&amp;Παύση Εγγραφής"/>
                    <Item id="42021" name="&amp;Αναπαραγωγή"/>
                    <Item id="42022" name="Τραβέρσα προσθήκης σχολίου"/>
                    <Item id="42023" name="Ροή σχολίου"/>
                    <Item id="42024" name="Περικοπή Κενού Διαστήματος"/>
                    <Item id="42025" name="Αποθήκευση τρέχουσας εγγραφόμενης μακροεντολής"/>
                    <Item id="42026" name="Κατεύθυνση Κειμένου RTL"/>
                    <Item id="42027" name="Κατεύθυνση Κειμένου LTR"/>
                    <Item id="42028" name="Ορισμός Μόνο για Ανάγνωση"/>
                    <Item id="42029" name="Πλήρης διαδρομή αρχείου σε Προσωρινή μνήμη"/>
                    <Item id="42030" name="Όνομα αρχείου σε Προσωρινή μνήμη"/>
                    <Item id="42031" name="Διαδρομή καταλόγου σε Προσωρινή μνήμη"/>
                    <Item id="42032" name="Εκτέλεση μακροεντολής πολλές φορές..."/>
                    <Item id="42033" name="Καθαρισμός μόνο για ανάγνωση μεταβητής flag"/>
					<Item id="42035" name="Πρόσθεση σχολίου"/>
					<Item id="42036" name="Αφαίρεση σχολίου"/>
					<Item id="42042" name="Περικοπή αρχικού κενού διαστήματος"/>
					<Item id="42043" name="Περικοπή αρχικού και τελικού κενού διαστήματος"/>
					<Item id="42044" name="Αλλαγή γραμμής σε κενό διάστημα"/>
					<Item id="42045" name="Αφαίρεση Περριτών κενών και αλλαγών γραμμής"/>
					<Item id="42046" name="Χαρακτήρας TAB σε κενό διάστημα"/>
					<Item id="42047" name="Κενό διάστημα σε χαρακτήρα TAB"/>

                    <Item id="43001" name="&amp;Εύρεση..."/>
				    <Item id="43002" name="Εύρεση &amp;Επόμενου"/>
				    <Item id="43003" name="Αντικατάσταση..."/>
				    <Item id="43004" name="Μετάβαση στη γραμμή..."/>
				    <Item id="43005" name="Τραβέρσα Σελιδοδείκτη"/>
				    <Item id="43006" name="Επόμενος Σελιδοδείκτης"/>
				    <Item id="43007" name="Προηγούμενος Σελιδοδείκτης"/>
				    <Item id="43008" name="Καθαρισμός όλων των Σελιδοδεικτών"/>
				    <Item id="43009" name="Μετάβαση σε ζεύγος αγκίστρων"/>
				    <Item id="43010" name="Εύρεση Προηγούμενου"/>
				    <Item id="43011" name="&amp;Επιπρόσθετη Αναζήτηση..."/>
                    <Item id="43013" name="Εύρεση στα αρχεία"/>
				    <Item id="43014" name="Εύρεση (μεταβλητή) Επόμενης"/>
				    <Item id="43015" name="Εύρεση (μεταβλητή) Προηγούμενης"/>
				    <Item id="43016" name="Μαρκάρισμα όλων"/>
				    <Item id="43017" name="Απομαρκάρισμα όλων"/>
				    <Item id="43018" name="Αποκοπή γραμμών σελιδοδείκτη"/>
				    <Item id="43019" name="Αντιγραφή γραμμών σελιδοδείκτη"/>
				    <Item id="43020" name="Επικόλληση με (Αντικατάσταση) γραμμών σελιδοδείκτη"/>
				    <Item id="43021" name="Διαγραφή γραμμών σελιδοδείκτη"/>
                    <Item id="43022" name="Χρήση 1ου στυλ"/>
                    <Item id="43023" name="Απαλοιφή 1ου στυλ"/>
                    <Item id="43024" name="Χρήση 2ου στυλ"/>
                    <Item id="43025" name="Απαλοιφή 2ου στυλ"/>
                    <Item id="43026" name="Χρήση 3ου στυλ"/>
                    <Item id="43027" name="Απαλοιφή 3ου στυλ"/>
                    <Item id="43028" name="Χρήση 4ου στυλ"/>
                    <Item id="43029" name="Απαλοιφή 4ου στυλ"/>
                    <Item id="43030" name="Χρήση 5ου στυλ"/>
                    <Item id="43031" name="Απαλοιφή 5ου στυλ"/>
					<Item id="43032" name="Απαλοιφή όλων των στυλ"/>
                    <Item id="43033" name="1ο στυλ"/>
                    <Item id="43034" name="2ο στυλ"/>
                    <Item id="43035" name="3ο στυλ"/>
                    <Item id="43036" name="4ο στυλ"/>
                    <Item id="43037" name="5ο στυλ"/>
                    <Item id="43038" name="Εύρεση στυλ"/>
                    <Item id="43039" name="1ο στυλ"/>
                    <Item id="43040" name="2ο στυλ"/>
                    <Item id="43041" name="3ο στυλ"/>
                    <Item id="43042" name="4ο στυλ"/>
                    <Item id="43043" name="5ο στυλ"/>
                    <Item id="43044" name="Εύρεση στυλ"/>
                    <Item id="43045" name="Παράθυρο αποτελεσμάτων αναζήτησης"/>
                    <Item id="43046" name="Επόμενο αποτέλεσμα αναζήτησης"/>
                    <Item id="43047" name="Προηγούμενο αποτέλεσμα αναζήτησης"/>
                    <Item id="43048" name="Επιλογή και εύρεση επομένου"/>
                    <Item id="43049" name="Επιλογή και εύρεση προηγούμενου"/>
                    <Item id="43050" name="Αντιστροφή σελιδοδείκτη"/>

					<Item id="44009" name="Πλήρες Παράθυρο"/>
                    <Item id="44010" name="Σύμπτυξη όλων"/>
                    <Item id="44011" name="Ορισμός Διαλόγου Χρήστη"/>
                    <Item id="44019" name="Εμφάνιση όλων των χαρακτήρων"/>
                    <Item id="44020" name="Εμφάνιση βοηθού Εσοχής"/>
                    <Item id="44022" name="Αναδίπλωση"/>
                    <Item id="44023" name="Μεγέθυ&amp;νση Ctrl-Ρόδα Ποντικιού Πάνω"/>
                    <Item id="44024" name="Σμίκρυ&amp;νση Ctrl-Ρόδα Ποντικιού Κάτω"/>
                    <Item id="44025" name="Εμφάνιση Κενού Διαστήματος και ΣΤΗΛΟΘΕΤΗ"/>
                    <Item id="44026" name="Εμφάνιση Τέλους Γραμμής"/>
                    <Item id="44029" name="Αποσύμπτυξη όλων"/>
                    <Item id="44030" name="Σύμπτυξη τρέχοντος επιπέδου"/>
                    <Item id="44031" name="Αποσύμπτυξη τρέχοντος επιπέδου"/>
                    <Item id="44032" name="Εναλλαγή Πλήρους Οθόνης"/>
                    <Item id="44033" name="Επαναφορά προεπιλογής μεγέθυνσης"/>
                    <Item id="44034" name="Πάντα στην κορυφή"/>
                    <Item id="44035" name="Συγχρονισμός Κάθετης Κύλισης"/>
                    <Item id="44036" name="Συγχρονισμός Οριζόντιας Κύλισης"/>
                    <Item id="44041" name="Εμφάνιση συμβόλου αναδίπλωσης"/>
					<Item id="44049" name="Σύνοψη Αρχείου"/>
                    <Item id="44072" name="Εστίαση σε άλλη επισκόπηση"/>

                    <Item id="45001" name="Μετατροπή σε Μορφή Windows"/>
                    <Item id="45002" name="Μετατροπή σε Μορφή UNIX"/>
                    <Item id="45003" name="Μετατροπή σε Μορφή MAC"/>
                    <Item id="45004" name="Κωδικοποίηση σε ANSI"/>
                    <Item id="45005" name="Κωδικοποίηση σε UTF-8"/>
                    <Item id="45006" name="Κωδικοποίηση σε UCS-2 Big Endian"/>
                    <Item id="45007" name="Κωδικοποίηση σε UCS-2 Little Endian"/>
                    <Item id="45008" name="Κωδικοποίηση σε UTF-8 χωρίς BOM"/>
					<Item id="45009" name="Μετατροπή σε ANSI"/>
					<Item id="45010" name="Μετατροπή σε UTF-8 χωρίς BOM"/>
					<Item id="45011" name="Μετατροπή σε UTF-8"/>
					<Item id="45012" name="Μετατροπή σε UCS-2 Big Endian"/>
					<Item id="45013" name="Μετατροπή σε UCS-2 Little Endian"/>

                    <Item id="10001" name="Μετακίνηση σε άλλη καρτέλα"/>
                    <Item id="10002" name="Κλωνοποίηση σε άλλη καρτέλα"/>
                    <Item id="10003" name="Μετακίνηση σε νέο παράθυρο"/>
                    <Item id="10004" name="Άνοιγμα σε νέο παράθυρο"/>

                    <Item id="46001" name="Διαμορφωτής Στυλ..."/>
                    <Item id="46180" name="Ορισμός από το χρήστη"/>
                    <Item id="47000" name="Σχετικά..."/>
                    <Item id="47001" name="Notepad++ Αρχική"/>
                    <Item id="47002" name="Notepad++ Σελίδα Σχεδίου"/>
                    <Item id="47003" name="Βοήθεια με σύνδεση"/>
                    <Item id="47004" name="Φόρουμ"/>
                    <Item id="47005" name="Λήψη περισσότερων πρόσθετων"/>
                    <Item id="47006" name="Ενημέρωση Notepad++"/>
                    <Item id="47008" name="Περιεχόμενα βοήθειας"/>
                    <Item id="48005" name="Εισαγωγή Plugin(s) ..."/>
                    <Item id="48006" name="Εισαγωγή Θεμάτων ..."/>
                    <Item id="48009" name="Χάρτης συντομεύσεων..."/>
                    <Item id="48011" name="Προτιμήσεις..."/>
                    <Item id="49000" name="&amp;Εκτέλεση..."/>

					<Item id="50000" name="Ολοκλήρωση λειτουργίας"/>
                    <Item id="50001" name="Ολοκλήρωση σύνταξης"/>
                    <Item id="50002" name="Οδηγία παραμέτρων λειτουργίας"/>
                    <Item id="42034" name="Επεξεργαστής Στηλών..."/>
                    <Item id="44042" name="Απόκρυψη γραμμών"/>
                    <Item id="42040" name="Άνοιγμα Πρόσφατων Αρχείων"/>
                    <Item id="42041" name="Καθαρισμός Λίστας Πρόσφατων Αρχείων"/>
					<Item id="48016" name="Αλλαγή συντόμευσης/Διαγραφή μακροεντολής..."/>
					<Item id="48017" name="Αλλαγή συντόμευσης/Διαγραφή εντολής..."/>
					<Item id="48018" name="Επεξεργασία Αναδυόμενου Μενού"/>
                </Commands>
            </Main>
            <Splitter>
            </Splitter>
            <TabBar>
                    <Item CMID="0"  name="Κλείσιμο"/>
                    <Item CMID="1"  name="Κλείσιμο όλων εκτός του παρόντος"/>
                    <Item CMID="2"  name="Αποθήκευση"/>
                    <Item CMID="3"  name="Αποθήκευση Ως"/>
                    <Item CMID="4"  name="Εκτύπωση"/>
                    <Item CMID="5"  name="Μετάβαση σε άλλη Καρτέλα"/>
                    <Item CMID="6"  name="Κλωνοποίηση σε άλλη Καρτέλα"/>
					<Item CMID="7"  name="Πλήρης διαδρομή αρχείου σε Προσωρινή μνήμη"/>
					<Item CMID="8"  name="Όνομα αρχείου σε Προσωρινή μνήμη"/>
					<Item CMID="9"  name="Διαδρομή καταλόγου σε Προσωρινή μνήμη"/>
					<Item CMID="10" name="Μετονομασία"/>
					<Item CMID="11" name="Διαγραφή"/>
					<Item CMID="12" name="Μόνο για Ανάγνωση"/>
					<Item CMID="13" name="Καθαρισμός μόνο για ανάγνωση μεταβητής flag"/>
					<Item CMID="14" name="Μετάβαση σε νέο παράθυρο"/>
					<Item CMID="15" name="Άνοιγμα σε νέο παράθυρο"/>
            </TabBar>
        </Menu>

        <Dialog>
            <Find title="" titleFind="Εύρεση" titleReplace="Αντικατάσταση" titleFindInFiles="Εύρεση σε αρχεία">
                <Item id="1" name="Εύρεση Επόμενου"/>
                <Item id="2" name="Κλείσιμο"/>
                <Item id="1620" name="Εύρεση του: "/>
                <Item id="1603" name="Ταίριασμα μόνο &amp;ολόκληρης λέξης"/>
                <Item id="1604" name="Ταίριασμα &amp;γραμμάτων"/>
                <Item id="1605" name="Κανονική &amp;έκφραση"/>
                <Item id="1606" name="Περικλεισμός"/>
                <Item id="1612" name="&amp;Πάνω"/>
                <Item id="1613" name="&amp;Κάτω"/>
                <Item id="1614" name="Αρίθμηση"/>
                <Item id="1615" name="Εύρεση Όλων"/>
                <Item id="1616" name="Μαρκάρισμα Γραμμής"/>
                <Item id="1617" name="Βρέθηκε σημείο στυλ"/>
                <Item id="1618" name="Εκκαθάριση σε κάθε αναζήτηση"/>
                <Item id="1621" name="Κατεύθυνση"/>
                <Item id="1611" name="Αντι&amp;κατάσταση με: "/>
                <Item id="1608" name="&amp;Αντικατάσταση"/>
                <Item id="1609" name="Αντικατάσταση &amp;Όλων"/>
			 	<Item id="1623" name="Διαφάνεια"/>
			 	<Item id="1687" name="Στην εστίαση"/>
			 	<Item id="1688" name="Πάντα"/>
			 	<Item id="1632" name="Σε επιλεγμένα"/>
			 	<Item id="1633" name="Απαλοιφή"/>
			 	<Item id="1635" name="Αντικατάσταση όλων σε όλα τα ανοικτά έγγραφα"/>
			 	<Item id="1636" name="Εύρεση όλων σε όλα τα ανοικτά έγγραφα"/>
			 	<Item id="1637" name="Εύρεση σε αρχεία"/>
			 	<Item id="1640" name="Διάλογος εναλλαγής"/>
			 	<Item id="1654" name="Φίλτρα: "/>
			 	<Item id="1655" name="Κατάλογος: "/>
			 	<Item id="1656" name="Εύρεση όλων"/>
			 	<Item id="1658" name="Στους υπο-φακέλους"/>
			 	<Item id="1659" name="Σε κρυφούς φακέλους"/>
			 	<Item id="1624" name="Μέθοδος Αναζήτησης"/>
			 	<Item id="1625" name="Κανονική"/>
			 	<Item id="1626" name="Εκτεταμένη (\n, \r, \t, \0, \x...)"/>
			 	<Item id="1660" name="Αντικατάσταση σε αρχεία"/>
			 	<Item id="1641" name="Εύρεση όλων στο τρέχον έγγραφο"/>
			 	<Item id="1686" name="Διαφάνεια"/>
            </Find>
            <GoToLine title="Μετάβαση στη Γραμμή #">
                <Item id="2007" name="Γραμμή"/>
                <Item id="2008" name="Αντιστάθμιση"/>
                <Item id="1"    name="&amp;Μετάβαση !"/>
                <Item id="2"    name="Καμία μετάβαση"/>
                <Item id="2004" name="Βρίσκεστε εδώ: "/>
                <Item id="2005" name="Θέλετε να πάτε: "/>
                <Item id="2006" name="Δεν μπορείτε να πάτε πάνω από: "/>
            </GoToLine>
            <Run title="Εκτέλεση...">
                <Item id="1903" name="Πληκτρολογήστε το πρόγραμμα εδώ"/>
                <Item id="1"    name="Εκτέλεση!"/>
                <Item id="2"    name="Ακύρωση"/>
                <Item id="1904" name="Αποθήκευση..."/>
            </Run>
            <StyleConfig title="Διαμορφωτής Στυλ">
				<Item id="2"    name="Ακύρωση"/>
				<Item id="2301" name="Σώσιμο &amp;&amp; Κλείσιμο"/>
				<Item id="2303" name="Διαφάνεια"/>
				<Item id="2306" name="Επιλογή θέματος:  "/>
                <SubDialog>
                	<Item id="2204" name="Έντονα"/>
                    <Item id="2205" name="Πλάγια"/>
                    <Item id="2206" name="Χρώμα Προσκήνιου"/>
                    <Item id="2207" name="Χρώμα Φόντου"/>
                    <Item id="2208" name="Όνομα γραμματοσειράς: "/>
                    <Item id="2209" name="Μέγεθος γραμματοσειράς: "/>
                    <Item id="2212" name="Στυλ Χρώματος"/>
                    <Item id="2213" name="Στυλ Γραμματοσειράς"/>
                    <Item id="2214" name="Προεπιλεγμένη επέκταση: "/>
                    <Item id="2216" name="Επέκταση Χρήστη: "/>
                    <Item id="2218" name="Υπογράμμιση"/>
                    <Item id="2219" name="Προεπιλεγμένες λέξεις-κλειδιά"/>
                    <Item id="2221" name="Λέξεις-κλειδιά Χρήστη"/>
                    <Item id="2225" name="Γλώσσα: "/>
                    <Item id="2226" name="Ενεργό χρώμα προσκήνιου"/>
                    <Item id="2227" name="Ενεργό χρώμα φόντου"/>
                    <Item id="2228" name="Ενεργή γραμματοσειρά"/>
                    <Item id="2229" name="Ενεργό μέγεθος γραμματοσειράς"/>
                    <Item id="2230" name="Ενεργή Έντονη γραμματοσειρά"/>
                    <Item id="2231" name="Ενεργή Πλάγια γραμματοσειρά"/>
                    <Item id="2232" name="Ενεργή Υπογράμμιση γραμματοσειράς"/>
                </SubDialog>
            </StyleConfig>
            <UserDefine title="Καθορισμός Χρήστη">
				<Item id="20002" name="Μετονομασία"/>
				<Item id="20003" name="Δημιουργία Νέου"/>
				<Item id="20004" name="Αφαίρεση"/>
				<Item id="20005" name="Αποθήκευση Ως..."/>
				<Item id="20007" name="Γλώσσα Χρήστη:  "/>
				<Item id="20009" name="Επέκταση: "/>
				<Item id="20012" name="Παράβλεψη πεζών"/>
				<Item id="20011" name="Διαφάνεια"/>
				<Item id="20016" name="Εισαγωγή..."/>
				<Item id="20015" name="Εξαγωγή..."/>
				<Item id="0"     name="Στυλ χρώματος"/>
				<Item id="1"     name="Χρώμα προσκήνιου"/>
				<Item id="2"     name="Χρώμα φόντου"/>
				<Item id="3"     name="Στυλ γραμματοσειράς"/>
				<Item id="4"     name="Όνομα γραμματοσειράς: "/>
				<Item id="5"     name="Μέγεθος γραμματοσειράς: "/>
				<Item id="6"     name="Έντονα"/>
				<Item id="7"     name="Πλάγια"/>
				<Item id="8"     name="Υπογράμμιση"/>
                <Folder title="Φάκελος &amp;&amp; Προεπιλογή">
					<Item id="21101" name="Στυλ Προεπιλογής"/>
					<Item id="21201" name="Λέξεις-Κλειδιά Ανοίγματος Φακέλου"/>
					<Item id="21301" name="Λέξεις-Κλειδιά Κλεισίματος Φακέλου"/>
                </Folder>
                <Keywords title="Λίστες Λέξεων-Κλειδιά">
					<Item id="22101" name="1η Ομάδα"/>
					<Item id="22201" name="2η Ομάδα"/>
					<Item id="22301" name="3η Ομάδα"/>
					<Item id="22401" name="4η Ομάδα"/>
					<Item id="22113" name="Τρόπος προθέματος"/>
					<Item id="22213" name="Τρόπος προθέματος"/>
					<Item id="22313" name="Τρόπος προθέματος"/>
					<Item id="22413" name="Τρόπος προθέματος"/>
                </Keywords>
                <Comment title="Αριθμός &amp;&amp; Σχόλιο">
					<Item id="23301" name="Γραμμή Σχολίου"/>
					<Item id="23101" name="Παράγραφος Σχολίου"/>
					<Item id="23113" name="Αρχή Σχολίου: "/>
					<Item id="23115" name="Τέλος Σχολίου: "/>
					<Item id="23116" name="Λέξη-κλειδί ως σύμβολο"/>
					<Item id="23117" name="Λέξεις-κλειδιά ως σύμβολα"/>
					<Item id="23201" name="Αριθμός"/>
                </Comment>
                <Operator title="Χειριστές">
					<Item id="24107" name="Χειριστής"/>
					<Item id="24103" name="Διαθέσιμα Σύμβολα"/>
					<Item id="24101" name="Ενεργοί Χειριστές"/>
					<Item id="24201" name="Οριοθέτης 1"/>
					<Item id="24211" name="Όριο ανοίγματος: "/>
					<Item id="24214" name="Όριο κλεισίματος: "/>
					<Item id="24301" name="Οριοθέτης 2"/>
					<Item id="24311" name="Όριο ανοίγματος: "/>
					<Item id="24314" name="Όριο κλεισίματος: "/>
                </Operator>
                <Item id="24001" name="Ενεργοποίηση χαρακτήρα διαφυγής (ESC): "/>
            </UserDefine>
			<Preference title="Προτιμήσεις">
                <Item id="6001" name="Κλείσιμο"/>
				<Global title="Γενικές">
					<Item id="6101" name="Γραμμή εργαλείων"/>
					<Item id="6102" name="Απόκρυψη"/>
					<Item id="6103" name="Μικρά εικονίδια"/>
	                <Item id="6104" name="Μεγάλα εικονίδια"/>
					<Item id="6105" name="Μικρά πρότυπα εικονίδια"/>

					<Item id="6106" name="Γραμμή καρτελών"/>
					<Item id="6107" name="Μείωση"/>
					<Item id="6108" name="Κλείδωμα (Χωρίς Σύρσιμο-Απόθεση)"/>
					<Item id="6109" name="Μαύρισμα ανενεργών καρτελών"/>
					<Item id="6110" name="Εμφάνιση άνω πορτοκαλί γραμμής"/>

					<Item id="6111" name="Εμφάνιση γραμμής κατάστασης"/>
					<Item id="6112" name="Πλήκτρο κλεισίματος σε κάθε καρτέλα"/>
					<Item id="6113" name="Διπλό κλικ για κλείσιμο εγγράφου"/>
					<Item id="6118" name="Απόκρυψη"/>
					<Item id="6119" name="Πολλές-Γραμμές"/>
					<Item id="6120" name="Κάθετα"/>

					<Item id="6121" name="Γραμμή μενού"/>
					<Item id="6122" name="Απόκρυψη (Εναλλαγή με Alt ή F10)"/>
					<Item id="6123" name="Γλώσσα"/>
				</Global>
                <Scintillas title="Επεξεργασία Τμημάτων">
					<Item id="6216" name="Ρυθμίσεις Αγκύλης"/>
					<Item id="6217" name="Πλάτος: "/>
					<Item id="6219" name="Ρυθμός Αναλαμπής: "/>
					<Item id="6221" name="F"/>
					<Item id="6222" name="S"/>
					<Item id="6224" name="Ρυθμίσεις Πολλαπλής Επεξεργασίας"/>
                    <Item id="6225" name="Ενεργοποίηση (Ctrl+Κλικ Ποντικιού/επιλογή)"/>
					<Item id="6201" name="Στυλ περιθωρίου φακέλων"/>
					<Item id="6202" name="Απλό"/>
					<Item id="6203" name="Δείκτης"/>
	                <Item id="6204" name="Κυκλικό"/>
					<Item id="6205" name="Ορθογώνιο"/>
                    <Item id="6226" name="Κανένα"/>

                    <Item id="6227" name="Αναδίπλωση γραμμών"/>
                    <Item id="6228" name="Εξ΄ ορισμού"/>
                    <Item id="6229" name="Ευθυγραμμισμένο"/>
                    <Item id="6230" name="Εσοχή"/>

 					<Item id="6206" name="Εμφάνιση αριθμού Γραμμών περιθωρίων"/>
					<Item id="6207" name="Εμφάνιση περιθωρίων Σελιδοδεικτών"/>
					<Item id="6208" name="Εμφάνιση Κάθετης Εσοχής"/>
					<Item id="6209" name="Αριθμός στηλών: "/>

					<Item id="6211" name="Ρύθμιση Κάθετης Εσοχής"/>
					<Item id="6212" name="Τύπος γραμμής"/>
					<Item id="6213" name="Τύπος φόντου"/>
					<Item id="6214" name="Ενεργό σημάδι τρέχουσας γραμμής"/>
                </Scintillas>
				<NewDoc title="Νέο Έγγραφο/Άνοιγμα Αποθήκευση Καταλόγου">
					<Item id="6401" name="Μορφή"/>
					<Item id="6402" name="Windows"/>
					<Item id="6403" name="Unix"/>
	                <Item id="6404" name="Mac"/>
					<Item id="6405" name="Κωδικοποίηση"/>
					<Item id="6406" name="ANSI"/>
					<Item id="6407" name="UTF-8 χωρίς BOM"/>
					<Item id="6408" name="UTF-8"/>
					<Item id="6409" name="UCS-2 Big Endian"/>
					<Item id="6410" name="UCS-2 Little Endian"/>
					<Item id="6411" name="Γλώσσα Προεπιλογής: "/>
					<Item id="6413" name="Αρχείο Άνοιγμα/Αποθήκευση Κατάλογος"/>
					<Item id="6414" name="Βάσει τρέχοντος εγγράφου"/>
					<Item id="6415" name="Απομνημόνευση καταλόγου τελευταίας λειτουργίας"/>
					<Item id="6419" name="Νέο Έγγραφο"/>
                    <Item id="6420" name="Εφαρμογή σς ανοικτά αρχεία ANSI"/>
                </NewDoc>
				<FileAssoc title="Συσχέτιση Αρχείων">
					<Item id="4009" name="Επεκτάσεις: "/>
					<Item id="4010" name="Ενεργές επεκτάσεις: "/>
                </FileAssoc>
				<LangMenu title="Μενού Γλώσσας/Γραμμή καρτελών">
                    <Item id="6301" name="Ρυθμίσεις καρτελών"/>
                    <Item id="6302" name="Αντικατάσταση κενών"/>
                    <Item id="6303" name="Μέγεθος καρτέλας:  "/>
					<Item id="6505" name="Διαθέσιμα στοιχεία"/>
					<Item id="6506" name="Ανενεργά στοιχεία"/>
					<Item id="6507" name="Συμπύκνωση Μενού Γλώσσας"/>
                    <Item id="6508" name="Μενού γλώσσας"/>
                    <Item id="6510" name="Χρήση προκαθορισμένης"/>
                </LangMenu>
				<Print title="Εκτύπωση">
					<Item id="6601" name="Εκτύπωση Αριθμού Γραμμών"/>
					<Item id="6602" name="Επιλογή Χρώματος"/>
					<Item id="6603" name="Όπως φαίνεται"/>
					<Item id="6604" name="Αναστροφή"/>
	                <Item id="6605" name="Μαύρο σε άσπρο"/>
					<Item id="6606" name="Χωρίς χρώμα φόντου"/>
					<Item id="6607" name="Ρύθμιση Περιθωρίων (Unit:mm)"/>
					<Item id="6612" name="Αριστερά"/>
					<Item id="6613" name="Πάνω"/>
					<Item id="6614" name="Δεξιά"/>
					<Item id="6615" name="Κάτω"/>
					<Item id="6706" name="Έντονα"/>
					<Item id="6707" name="Πλάγια"/>
					<Item id="6708" name="Επικεφαλίδα"/>
					<Item id="6709" name="Αριστερό τμήμα"/>
	                <Item id="6710" name="Κεντρικό τμήμα"/>
					<Item id="6711" name="Δεξιό τμήμα"/>
					<Item id="6717" name="Έντονα"/>
					<Item id="6718" name="Πλάγια"/>
					<Item id="6719" name="Υποσέλιδο"/>
					<Item id="6720" name="Αριστερό τμήμα"/>
	                <Item id="6721" name="Κεντρικό τμήμα"/>
					<Item id="6722" name="Δεξιό τμήμα"/>
	                <Item id="6723" name="Πρόσθεση"/>
					<Item id="6725" name="Μεταβλητή: "/>
					<Item id="6728" name="Κεφαλίδες και υποσέλιδα"/>
                </Print>
				<MISC title="Διάφορα">
					<Item id="6304" name="Ρύθμιση Ιστορικού Αρχείων"/>
	                <Item id="6305" name="Χωρίς έλεγχο στην έναρξη"/>
					<Item id="6306" name="Μέγιστος αριθμός ιστορικού αρχείων: "/>
					<Item id="6307" name="Ενεργό"/>
					<Item id="6308" name="Ελαχιστοποίηση στη Γραμμή εργασιών"/>
					<Item id="6309" name="Απομνημόνευση τρέχουσας περιόδου"/>
					<Item id="6312" name="Κατάσταση Αρχείων Αυτόματης-ανίχνευσης"/>
					<Item id="6313" name="Κρυφή ενημέρωση"/>
					<Item id="6318" name="Ρύθμιση επιλέξιμης σύνδεσης"/>
					<Item id="6325" name="Μετάβαση σε τελευταία γραμμή"/>
					<Item id="6319" name="Ενεργό"/>
					<Item id="6320" name="Χωρίς σύρσιμο υπογράμμισης"/>
					<Item id="6322" name="Επέκταση αρχείου συνόδου:"/>
					<Item id="6323" name="Ενεργή Notepad++ αυτόματη-ενημέρωση"/>
					<Item id="6324" name="Εναλλαγέας εγγράφων (Ctrl+TAB)"/>
					<Item id="6326" name="Ενεργοποίηση έξυπνης σήμανσης"/>
					<Item id="6329" name="Σήμανση ταιριαστών ετικετών"/>
					<Item id="6327" name="Ενεργό"/>
					<Item id="6328" name="Σήμανση ιδιοτήτων ετικέτας"/>
					<Item id="6330" name="Ζώνη σήμανσης σχολίων/php/asp"/>
					<Item id="6331" name="Εμφάνιση μόνο ονόματος αρχείου στη γραμμή τίτλου"/>
					<Item id="6114" name="Ενεργό"/>
					<Item id="6115" name="Αυτόματη-εσοχή"/>
					<Item id="6117" name="Ενεργή MRU προσαρμογή"/>
                </MISC>
				<Backup title="Επαναφορά/Αυτόματη-ολοκλήρωση">
					<Item id="6801" name="Επαναφορά"/>
					<Item id="6315" name="Καμία"/>
					<Item id="6316" name="Απλή Επαναφορά"/>
					<Item id="6317" name="Σύνθετη Επαναφορά"/>
					<Item id="6804" name="Κατάλογος επαναφοράς χρήστη"/>
					<Item id="6803" name="Κατάλογος: "/>
					<Item id="6807" name="Αυτόματη-ολοκλήρωση"/>
	                <Item id="6808" name="Αυτόματη-ολοκλήρωση σε κάθε είσοδο"/>
					<Item id="6809" name="Ολοκλήρωση λειτουργίας"/>
					<Item id="6810" name="Ολοκλήρωση σύνταξης"/>
					<Item id="6811" name="Από"/>
					<Item id="6813" name="χαρακτήρες"/>
					<Item id="6814" name="Έγκυρη τιμή:  1 - 9"/>
					<Item id="6815" name="Παράμετροι λειτουργίας οδηγού εισόδου"/>
                </Backup>
            </Preference>
			<MultiMacro title="Εκτέλεση Μακροεντολής Πολλές Φορές">
                <Item id="1"    name="Εκτέλεση"/>
                <Item id="2"    name="Ακύρωση"/>
                <Item id="8006" name="Μακροεντολή για εκτέλεση: "/>
                <Item id="8001" name="Εκτέλεση"/>
                <Item id="8005" name="φορές"/>
                <Item id="8002" name="Εκτέλεση ως το τέλος του αρχείου"/>
            </MultiMacro>
			<Window title="Παράθυρα">
                <Item id="1"    name="Ενεργοποίηση"/>
                <Item id="2"    name="OK"/>
                <Item id="7002" name="Αποθήκευση"/>
                <Item id="7003" name="Κλείσιμο"/>
                <Item id="7004" name="Ταξινόμηση Στηλοθετών"/>
            </Window>
			<ColumnEditor title="Επεξεργαστής Στηλών">
                <Item id="2023" name="Κείμενο για εισαγωγή"/>
                <Item id="2033" name="Αριθμός για εισαγωγή"/>
                <Item id="2030" name="Αρχικός αριθμός: "/>
                <Item id="2031" name="Αύξηση κατά: "/>
                <Item id="2035" name="Μηδενικά πριν"/>
                <Item id="2032" name="Μορφή"/>
                <Item id="2024" name="Δεκαδικό"/>
                <Item id="2025" name="Οκταδικό"/>
                <Item id="2026" name="Δεκαεξαδικό"/>
                <Item id="2027" name="Δυαδικό"/>
				<Item id="1"    name="OK"/>
				<Item id="2"    name="Ακύρωση"/>
            </ColumnEditor>
		</Dialog>
    </Native-Langue>
</NotepadPlus>